2025-09-17 16:15:27 - app - INFO - Application ticketio-backend v0.0.1 initialized
2025-09-17 16:15:27 - app - INFO - Application ticketio-backend v0.0.1 initialized
2025-09-17 16:15:27 - asyncio - DEBUG - Using selector: KqueueSelector
2025-09-17 16:15:27 - app - INFO - Starting application...
2025-09-17 16:35:09 - app - INFO - Application ticketio-backend v0.0.1 initialized
2025-09-17 16:35:09 - app - INFO - Application ticketio-backend v0.0.1 initialized
2025-09-17 16:35:09 - asyncio - DEBUG - Using selector: KqueueSelector
2025-09-17 16:35:09 - app - INFO - Starting application...
2025-09-17 16:35:09 - app - INFO - App running...
2025-09-17 16:35:13 - app - INFO - Shutting down application...
2025-09-17 16:53:14 - app - INFO - Application ticketio-backend v0.0.1 initialized
2025-09-17 16:53:14 - app - INFO - Application ticketio-backend v0.0.1 initialized
2025-09-17 16:53:14 - asyncio - DEBUG - Using selector: KqueueSelector
2025-09-17 16:53:14 - app - INFO - Starting application...
2025-09-17 16:53:14 - app - INFO - App running...
2025-09-17 16:54:05 - sqlalchemy.engine.Engine - INFO - select pg_catalog.version()
2025-09-17 16:54:05 - sqlalchemy.engine.Engine - INFO - [raw sql] ()
2025-09-17 16:54:05 - sqlalchemy.engine.Engine - INFO - select current_schema()
2025-09-17 16:54:05 - sqlalchemy.engine.Engine - INFO - [raw sql] ()
2025-09-17 16:54:05 - sqlalchemy.engine.Engine - INFO - show standard_conforming_strings
2025-09-17 16:54:05 - sqlalchemy.engine.Engine - INFO - [raw sql] ()
2025-09-17 16:54:05 - sqlalchemy.engine.Engine - INFO - BEGIN (implicit)
2025-09-17 16:54:05 - sqlalchemy.engine.Engine - INFO - SELECT todos.created_at, todos.updated_at, todos.deleted_at, todos.is_deleted, todos.id, todos.title, todos.description, todos.completed, todos.due_date, todos.priority 
FROM todos
2025-09-17 16:54:05 - sqlalchemy.engine.Engine - INFO - [generated in 0.00021s] ()
2025-09-17 16:54:05 - sqlalchemy.engine.Engine - INFO - ROLLBACK
2025-09-17 16:54:39 - sqlalchemy.engine.Engine - INFO - BEGIN (implicit)
2025-09-17 16:54:39 - sqlalchemy.engine.Engine - INFO - INSERT INTO todos (created_at, updated_at, deleted_at, is_deleted, title, description, completed, due_date, priority) VALUES ($1::TIMESTAMP WITHOUT TIME ZONE, $2::TIMESTAMP WITHOUT TIME ZONE, $3::TIMESTAMP WITHOUT TIME ZONE, $4::BOOLEAN, $5::VARCHAR, $6::VARCHAR, $7::BOOLEAN, $8::TIMESTAMP WITHOUT TIME ZONE, $9::INTEGER) RETURNING todos.id
2025-09-17 16:54:39 - sqlalchemy.engine.Engine - INFO - [generated in 0.00040s] (datetime.datetime(2025, 9, 17, 15, 54, 39, 810019, tzinfo=datetime.timezone.utc), None, None, False, 'number 1', 'well im trying something', False, datetime.datetime(2025, 9, 17, 15, 54, 21, 907000, tzinfo=TzInfo(UTC)), 1)
2025-09-17 16:54:39 - sqlalchemy.engine.Engine - INFO - ROLLBACK
2025-09-17 16:55:03 - app - INFO - Shutting down application...
2025-09-17 16:56:04 - app - INFO - Application ticketio-backend v0.0.1 initialized
2025-09-17 16:56:04 - app - INFO - Application ticketio-backend v0.0.1 initialized
2025-09-17 16:56:04 - asyncio - DEBUG - Using selector: KqueueSelector
2025-09-17 16:56:04 - app - INFO - Starting application...
2025-09-17 16:56:04 - app - INFO - App running...
2025-09-17 16:56:13 - sqlalchemy.engine.Engine - INFO - select pg_catalog.version()
2025-09-17 16:56:13 - sqlalchemy.engine.Engine - INFO - [raw sql] ()
2025-09-17 16:56:13 - sqlalchemy.engine.Engine - INFO - select current_schema()
2025-09-17 16:56:13 - sqlalchemy.engine.Engine - INFO - [raw sql] ()
2025-09-17 16:56:13 - sqlalchemy.engine.Engine - INFO - show standard_conforming_strings
2025-09-17 16:56:13 - sqlalchemy.engine.Engine - INFO - [raw sql] ()
2025-09-17 16:56:13 - sqlalchemy.engine.Engine - INFO - BEGIN (implicit)
2025-09-17 16:56:13 - sqlalchemy.engine.Engine - INFO - INSERT INTO todos (created_at, updated_at, deleted_at, is_deleted, title, description, completed, due_date, priority) VALUES ($1::TIMESTAMP WITHOUT TIME ZONE, $2::TIMESTAMP WITHOUT TIME ZONE, $3::TIMESTAMP WITHOUT TIME ZONE, $4::BOOLEAN, $5::VARCHAR, $6::VARCHAR, $7::BOOLEAN, $8::TIMESTAMP WITHOUT TIME ZONE, $9::INTEGER) RETURNING todos.id
2025-09-17 16:56:13 - sqlalchemy.engine.Engine - INFO - [generated in 0.00022s] (datetime.datetime(2025, 9, 17, 15, 56, 13, 99088, tzinfo=datetime.timezone.utc), None, None, False, 'string', 'string', False, datetime.datetime(2025, 9, 17, 15, 56, 10, 599000, tzinfo=TzInfo(UTC)), 1)
2025-09-17 16:56:13 - sqlalchemy.engine.Engine - INFO - ROLLBACK
2025-09-17 16:56:52 - app - INFO - Shutting down application...
2025-09-17 16:56:52 - app - INFO - Application ticketio-backend v0.0.1 initialized
2025-09-17 16:56:52 - asyncio - DEBUG - Using selector: KqueueSelector
2025-09-17 16:56:52 - app - INFO - Starting application...
2025-09-17 16:56:52 - app - INFO - App running...
2025-09-17 16:56:56 - app - INFO - Shutting down application...
2025-09-17 16:56:56 - app - INFO - Application ticketio-backend v0.0.1 initialized
2025-09-17 16:56:56 - asyncio - DEBUG - Using selector: KqueueSelector
2025-09-17 16:56:56 - app - INFO - Starting application...
2025-09-17 16:56:56 - app - INFO - App running...
2025-09-17 16:57:11 - app - INFO - Shutting down application...
2025-09-17 16:57:12 - app - INFO - Application ticketio-backend v0.0.1 initialized
2025-09-17 16:57:12 - asyncio - DEBUG - Using selector: KqueueSelector
2025-09-17 16:57:12 - app - INFO - Starting application...
2025-09-17 16:57:12 - app - INFO - App running...
2025-09-17 16:57:12 - app - INFO - Shutting down application...
2025-09-17 16:57:13 - app - INFO - Application ticketio-backend v0.0.1 initialized
2025-09-17 16:57:13 - asyncio - DEBUG - Using selector: KqueueSelector
2025-09-17 16:57:13 - app - INFO - Starting application...
2025-09-17 16:57:13 - app - INFO - App running...
2025-09-17 16:57:25 - app - INFO - Shutting down application...
2025-09-17 16:58:46 - app - INFO - Application ticketio-backend v0.0.1 initialized
2025-09-17 16:58:46 - app - INFO - Application ticketio-backend v0.0.1 initialized
2025-09-17 16:58:46 - asyncio - DEBUG - Using selector: KqueueSelector
2025-09-17 16:58:46 - app - INFO - Starting application...
2025-09-17 16:58:46 - app - INFO - App running...
2025-09-17 16:58:54 - sqlalchemy.engine.Engine - INFO - select pg_catalog.version()
2025-09-17 16:58:54 - sqlalchemy.engine.Engine - INFO - [raw sql] ()
2025-09-17 16:58:54 - sqlalchemy.engine.Engine - INFO - select current_schema()
2025-09-17 16:58:54 - sqlalchemy.engine.Engine - INFO - [raw sql] ()
2025-09-17 16:58:54 - sqlalchemy.engine.Engine - INFO - show standard_conforming_strings
2025-09-17 16:58:54 - sqlalchemy.engine.Engine - INFO - [raw sql] ()
2025-09-17 16:58:54 - sqlalchemy.engine.Engine - INFO - BEGIN (implicit)
2025-09-17 16:58:54 - sqlalchemy.engine.Engine - INFO - INSERT INTO todos (created_at, updated_at, deleted_at, is_deleted, title, description, completed, due_date, priority) VALUES ($1::TIMESTAMP WITHOUT TIME ZONE, $2::TIMESTAMP WITHOUT TIME ZONE, $3::TIMESTAMP WITHOUT TIME ZONE, $4::BOOLEAN, $5::VARCHAR, $6::VARCHAR, $7::BOOLEAN, $8::TIMESTAMP WITHOUT TIME ZONE, $9::INTEGER) RETURNING todos.id
2025-09-17 16:58:54 - sqlalchemy.engine.Engine - INFO - [generated in 0.00028s] (datetime.datetime(2025, 9, 17, 15, 58, 54, 168021, tzinfo=datetime.timezone.utc), None, None, False, 'string', 'string', False, datetime.datetime(2025, 9, 17, 15, 58, 52, 994000, tzinfo=TzInfo(UTC)), 1)
2025-09-17 16:58:54 - sqlalchemy.engine.Engine - INFO - ROLLBACK
2025-09-17 17:00:02 - app - INFO - Shutting down application...
2025-09-17 17:00:03 - app - INFO - Application ticketio-backend v0.0.1 initialized
2025-09-17 17:00:03 - asyncio - DEBUG - Using selector: KqueueSelector
2025-09-17 17:00:03 - app - INFO - Starting application...
2025-09-17 17:00:03 - app - INFO - App running...
2025-09-17 17:00:26 - app - INFO - Shutting down application...
2025-09-17 17:04:09 - app - INFO - Application ticketio-backend v0.0.1 initialized
2025-09-17 17:04:09 - asyncio - DEBUG - Using selector: KqueueSelector
2025-09-17 17:04:09 - app - INFO - Starting application...
2025-09-17 17:04:09 - app - INFO - App running...
2025-09-17 17:04:20 - app - INFO - Shutting down application...
2025-09-17 17:04:21 - app - INFO - Application ticketio-backend v0.0.1 initialized
2025-09-17 17:04:21 - asyncio - DEBUG - Using selector: KqueueSelector
2025-09-17 17:04:21 - app - INFO - Starting application...
2025-09-17 17:04:21 - app - INFO - App running...
2025-09-17 17:04:37 - app - INFO - Shutting down application...
2025-09-17 17:04:38 - app - INFO - Application ticketio-backend v0.0.1 initialized
2025-09-17 17:04:38 - asyncio - DEBUG - Using selector: KqueueSelector
2025-09-17 17:04:38 - app - INFO - Starting application...
2025-09-17 17:04:38 - app - INFO - App running...
2025-09-17 17:04:38 - app - INFO - Shutting down application...
2025-09-17 17:04:39 - app - INFO - Application ticketio-backend v0.0.1 initialized
2025-09-17 17:04:39 - asyncio - DEBUG - Using selector: KqueueSelector
2025-09-17 17:04:39 - app - INFO - Starting application...
2025-09-17 17:04:39 - app - INFO - App running...
2025-09-17 17:04:40 - app - INFO - Shutting down application...
2025-09-17 17:04:40 - app - INFO - Application ticketio-backend v0.0.1 initialized
2025-09-17 17:04:40 - asyncio - DEBUG - Using selector: KqueueSelector
2025-09-17 17:04:40 - app - INFO - Starting application...
2025-09-17 17:04:40 - app - INFO - App running...
2025-09-17 17:06:54 - app - INFO - Shutting down application...
2025-09-17 17:06:55 - app - INFO - Application ticketio-backend v0.0.1 initialized
2025-09-17 17:06:55 - asyncio - DEBUG - Using selector: KqueueSelector
2025-09-17 17:06:55 - app - INFO - Starting application...
2025-09-17 17:06:55 - app - INFO - App running...
2025-09-17 17:07:03 - app - INFO - Shutting down application...
2025-09-17 17:07:03 - app - INFO - Application ticketio-backend v0.0.1 initialized
2025-09-17 17:07:03 - asyncio - DEBUG - Using selector: KqueueSelector
2025-09-17 17:07:03 - app - INFO - Starting application...
2025-09-17 17:07:03 - app - INFO - App running...
2025-09-17 17:07:23 - app - INFO - Shutting down application...
2025-09-17 17:07:23 - app - INFO - Application ticketio-backend v0.0.1 initialized
2025-09-17 17:07:23 - asyncio - DEBUG - Using selector: KqueueSelector
2025-09-17 17:07:23 - app - INFO - Starting application...
2025-09-17 17:07:23 - app - INFO - App running...
2025-09-17 17:07:32 - app - INFO - Shutting down application...
2025-09-17 17:07:38 - app - INFO - Application ticketio-backend v0.0.1 initialized
2025-09-17 17:07:38 - app - INFO - Application ticketio-backend v0.0.1 initialized
2025-09-17 17:07:38 - asyncio - DEBUG - Using selector: KqueueSelector
2025-09-17 17:07:38 - app - INFO - Starting application...
2025-09-17 17:07:38 - app - INFO - App running...
2025-09-17 17:07:44 - sqlalchemy.engine.Engine - INFO - select pg_catalog.version()
2025-09-17 17:07:44 - sqlalchemy.engine.Engine - INFO - [raw sql] ()
2025-09-17 17:07:44 - sqlalchemy.engine.Engine - INFO - select current_schema()
2025-09-17 17:07:44 - sqlalchemy.engine.Engine - INFO - [raw sql] ()
2025-09-17 17:07:44 - sqlalchemy.engine.Engine - INFO - show standard_conforming_strings
2025-09-17 17:07:44 - sqlalchemy.engine.Engine - INFO - [raw sql] ()
2025-09-17 17:07:44 - sqlalchemy.engine.Engine - INFO - BEGIN (implicit)
2025-09-17 17:07:44 - sqlalchemy.engine.Engine - INFO - INSERT INTO todos (created_at, updated_at, deleted_at, is_deleted, title, description, completed, due_date, priority) VALUES ($1::TIMESTAMP WITH TIME ZONE, $2::TIMESTAMP WITH TIME ZONE, $3::TIMESTAMP WITH TIME ZONE, $4::BOOLEAN, $5::VARCHAR, $6::VARCHAR, $7::BOOLEAN, $8::TIMESTAMP WITH TIME ZONE, $9::INTEGER) RETURNING todos.id
2025-09-17 17:07:44 - sqlalchemy.engine.Engine - INFO - [generated in 0.00023s] (datetime.datetime(2025, 9, 17, 16, 7, 44, 406891, tzinfo=datetime.timezone.utc), None, None, False, 'string', 'string', False, datetime.datetime(2025, 9, 17, 16, 7, 42, 484000, tzinfo=TzInfo(UTC)), 1)
2025-09-17 17:07:44 - sqlalchemy.engine.Engine - INFO - COMMIT
2025-09-17 17:07:44 - sqlalchemy.engine.Engine - INFO - BEGIN (implicit)
2025-09-17 17:07:44 - sqlalchemy.engine.Engine - INFO - SELECT todos.created_at, todos.updated_at, todos.deleted_at, todos.is_deleted, todos.id, todos.title, todos.description, todos.completed, todos.due_date, todos.priority 
FROM todos 
WHERE todos.id = $1::INTEGER
2025-09-17 17:07:44 - sqlalchemy.engine.Engine - INFO - [generated in 0.00014s] (1,)
2025-09-17 17:07:44 - sqlalchemy.engine.Engine - INFO - ROLLBACK
2025-09-17 17:07:54 - sqlalchemy.engine.Engine - INFO - BEGIN (implicit)
2025-09-17 17:07:54 - sqlalchemy.engine.Engine - INFO - SELECT todos.created_at, todos.updated_at, todos.deleted_at, todos.is_deleted, todos.id, todos.title, todos.description, todos.completed, todos.due_date, todos.priority 
FROM todos
2025-09-17 17:07:54 - sqlalchemy.engine.Engine - INFO - [generated in 0.00058s] ()
2025-09-17 17:07:54 - sqlalchemy.engine.Engine - INFO - ROLLBACK
2025-09-17 17:08:33 - app - INFO - Shutting down application...
2025-09-17 17:08:34 - app - INFO - Application ticketio-backend v0.0.1 initialized
2025-09-17 17:08:34 - asyncio - DEBUG - Using selector: KqueueSelector
2025-09-17 17:08:34 - app - INFO - Starting application...
2025-09-17 17:08:34 - app - INFO - App running...
2025-09-17 17:08:43 - app - INFO - Shutting down application...
2025-09-17 17:08:43 - app - INFO - Application ticketio-backend v0.0.1 initialized
2025-09-17 17:08:43 - asyncio - DEBUG - Using selector: KqueueSelector
2025-09-17 17:08:43 - app - INFO - Starting application...
2025-09-17 17:08:43 - app - INFO - App running...
2025-09-17 17:08:53 - app - INFO - Shutting down application...
2025-09-17 17:08:53 - app - INFO - Application ticketio-backend v0.0.1 initialized
2025-09-17 17:08:53 - asyncio - DEBUG - Using selector: KqueueSelector
2025-09-17 17:08:53 - app - INFO - Starting application...
2025-09-17 17:08:53 - app - INFO - App running...
2025-09-17 17:09:00 - sqlalchemy.engine.Engine - INFO - select pg_catalog.version()
2025-09-17 17:09:00 - sqlalchemy.engine.Engine - INFO - [raw sql] ()
2025-09-17 17:09:00 - sqlalchemy.engine.Engine - INFO - select current_schema()
2025-09-17 17:09:00 - sqlalchemy.engine.Engine - INFO - [raw sql] ()
2025-09-17 17:09:00 - sqlalchemy.engine.Engine - INFO - show standard_conforming_strings
2025-09-17 17:09:00 - sqlalchemy.engine.Engine - INFO - [raw sql] ()
2025-09-17 17:09:00 - sqlalchemy.engine.Engine - INFO - BEGIN (implicit)
2025-09-17 17:09:00 - sqlalchemy.engine.Engine - INFO - SELECT todos.created_at, todos.updated_at, todos.deleted_at, todos.is_deleted, todos.id, todos.title, todos.description, todos.completed, todos.due_date, todos.priority 
FROM todos
2025-09-17 17:09:00 - sqlalchemy.engine.Engine - INFO - [generated in 0.00025s] ()
2025-09-17 17:09:00 - sqlalchemy.engine.Engine - INFO - ROLLBACK
2025-09-17 17:09:04 - sqlalchemy.engine.Engine - INFO - BEGIN (implicit)
2025-09-17 17:09:04 - sqlalchemy.engine.Engine - INFO - SELECT todos.created_at, todos.updated_at, todos.deleted_at, todos.is_deleted, todos.id, todos.title, todos.description, todos.completed, todos.due_date, todos.priority 
FROM todos
2025-09-17 17:09:04 - sqlalchemy.engine.Engine - INFO - [cached since 3.842s ago] ()
2025-09-17 17:09:04 - sqlalchemy.engine.Engine - INFO - ROLLBACK
2025-09-17 17:09:41 - app - INFO - Shutting down application...
2025-09-17 17:09:41 - app - INFO - Application ticketio-backend v0.0.1 initialized
2025-09-17 17:09:41 - asyncio - DEBUG - Using selector: KqueueSelector
2025-09-17 17:09:41 - app - INFO - Starting application...
2025-09-17 17:09:41 - app - INFO - App running...
2025-09-17 17:09:53 - app - INFO - Shutting down application...
2025-09-17 17:09:53 - app - INFO - Application ticketio-backend v0.0.1 initialized
2025-09-17 17:09:53 - asyncio - DEBUG - Using selector: KqueueSelector
2025-09-17 17:09:53 - app - INFO - Starting application...
2025-09-17 17:09:53 - app - INFO - App running...
2025-09-17 17:10:05 - app - INFO - Shutting down application...
2025-09-17 17:10:06 - app - INFO - Application ticketio-backend v0.0.1 initialized
2025-09-17 17:10:06 - asyncio - DEBUG - Using selector: KqueueSelector
2025-09-17 17:10:06 - app - INFO - Starting application...
2025-09-17 17:10:06 - app - INFO - App running...
2025-09-17 17:10:15 - sqlalchemy.engine.Engine - INFO - select pg_catalog.version()
2025-09-17 17:10:15 - sqlalchemy.engine.Engine - INFO - [raw sql] ()
2025-09-17 17:10:15 - sqlalchemy.engine.Engine - INFO - select current_schema()
2025-09-17 17:10:15 - sqlalchemy.engine.Engine - INFO - [raw sql] ()
2025-09-17 17:10:15 - sqlalchemy.engine.Engine - INFO - show standard_conforming_strings
2025-09-17 17:10:15 - sqlalchemy.engine.Engine - INFO - [raw sql] ()
2025-09-17 17:10:15 - sqlalchemy.engine.Engine - INFO - BEGIN (implicit)
2025-09-17 17:10:15 - sqlalchemy.engine.Engine - INFO - SELECT todos.created_at, todos.updated_at, todos.deleted_at, todos.is_deleted, todos.id, todos.title, todos.description, todos.completed, todos.due_date, todos.priority 
FROM todos
2025-09-17 17:10:15 - sqlalchemy.engine.Engine - INFO - [generated in 0.00027s] ()
2025-09-17 17:10:15 - sqlalchemy.engine.Engine - INFO - ROLLBACK
2025-09-17 17:11:22 - app - INFO - Shutting down application...
2025-09-17 17:11:23 - app - INFO - Application ticketio-backend v0.0.1 initialized
2025-09-17 17:11:23 - asyncio - DEBUG - Using selector: KqueueSelector
2025-09-17 17:11:23 - app - INFO - Starting application...
2025-09-17 17:11:23 - app - INFO - App running...
2025-09-17 17:11:39 - app - INFO - Shutting down application...
2025-09-17 17:11:40 - app - INFO - Application ticketio-backend v0.0.1 initialized
2025-09-17 17:11:40 - asyncio - DEBUG - Using selector: KqueueSelector
2025-09-17 17:11:40 - app - INFO - Starting application...
2025-09-17 17:11:40 - app - INFO - App running...
2025-09-17 17:11:54 - app - INFO - Shutting down application...
2025-09-17 17:11:55 - app - INFO - Application ticketio-backend v0.0.1 initialized
2025-09-17 17:11:55 - asyncio - DEBUG - Using selector: KqueueSelector
2025-09-17 17:11:55 - app - INFO - Starting application...
2025-09-17 17:11:55 - app - INFO - App running...
2025-09-17 17:12:24 - sqlalchemy.engine.Engine - INFO - select pg_catalog.version()
2025-09-17 17:12:24 - sqlalchemy.engine.Engine - INFO - [raw sql] ()
2025-09-17 17:12:24 - sqlalchemy.engine.Engine - INFO - select current_schema()
2025-09-17 17:12:24 - sqlalchemy.engine.Engine - INFO - [raw sql] ()
2025-09-17 17:12:24 - sqlalchemy.engine.Engine - INFO - show standard_conforming_strings
2025-09-17 17:12:24 - sqlalchemy.engine.Engine - INFO - [raw sql] ()
2025-09-17 17:12:24 - sqlalchemy.engine.Engine - INFO - BEGIN (implicit)
2025-09-17 17:12:24 - sqlalchemy.engine.Engine - INFO - INSERT INTO todos (created_at, updated_at, deleted_at, is_deleted, title, description, completed, due_date, priority) VALUES ($1::TIMESTAMP WITH TIME ZONE, $2::TIMESTAMP WITH TIME ZONE, $3::TIMESTAMP WITH TIME ZONE, $4::BOOLEAN, $5::VARCHAR, $6::VARCHAR, $7::BOOLEAN, $8::TIMESTAMP WITH TIME ZONE, $9::INTEGER) RETURNING todos.id
2025-09-17 17:12:24 - sqlalchemy.engine.Engine - INFO - [generated in 0.00033s] (datetime.datetime(2025, 9, 17, 16, 12, 24, 312254, tzinfo=datetime.timezone.utc), None, None, False, 'something new', 'well', False, datetime.datetime(2025, 9, 18, 16, 12, 10, 428000, tzinfo=TzInfo(UTC)), 1)
2025-09-17 17:12:24 - sqlalchemy.engine.Engine - INFO - COMMIT
2025-09-17 17:12:24 - sqlalchemy.engine.Engine - INFO - BEGIN (implicit)
2025-09-17 17:12:24 - sqlalchemy.engine.Engine - INFO - SELECT todos.created_at, todos.updated_at, todos.deleted_at, todos.is_deleted, todos.id, todos.title, todos.description, todos.completed, todos.due_date, todos.priority 
FROM todos 
WHERE todos.id = $1::INTEGER
2025-09-17 17:12:24 - sqlalchemy.engine.Engine - INFO - [generated in 0.00109s] (2,)
2025-09-17 17:12:24 - sqlalchemy.engine.Engine - INFO - ROLLBACK
2025-09-17 17:12:35 - sqlalchemy.engine.Engine - INFO - BEGIN (implicit)
2025-09-17 17:12:35 - sqlalchemy.engine.Engine - INFO - SELECT todos.created_at, todos.updated_at, todos.deleted_at, todos.is_deleted, todos.id, todos.title, todos.description, todos.completed, todos.due_date, todos.priority 
FROM todos
2025-09-17 17:12:35 - sqlalchemy.engine.Engine - INFO - [generated in 0.00026s] ()
2025-09-17 17:12:35 - sqlalchemy.engine.Engine - INFO - ROLLBACK
2025-09-17 17:12:40 - sqlalchemy.engine.Engine - INFO - BEGIN (implicit)
2025-09-17 17:12:40 - sqlalchemy.engine.Engine - INFO - SELECT todos.created_at, todos.updated_at, todos.deleted_at, todos.is_deleted, todos.id, todos.title, todos.description, todos.completed, todos.due_date, todos.priority 
FROM todos 
WHERE todos.priority = $1::INTEGER
2025-09-17 17:12:40 - sqlalchemy.engine.Engine - INFO - [generated in 0.00067s] (2,)
2025-09-17 17:12:40 - sqlalchemy.engine.Engine - INFO - ROLLBACK
2025-09-17 17:12:42 - sqlalchemy.engine.Engine - INFO - BEGIN (implicit)
2025-09-17 17:12:42 - sqlalchemy.engine.Engine - INFO - SELECT todos.created_at, todos.updated_at, todos.deleted_at, todos.is_deleted, todos.id, todos.title, todos.description, todos.completed, todos.due_date, todos.priority 
FROM todos 
WHERE todos.priority = $1::INTEGER
2025-09-17 17:12:42 - sqlalchemy.engine.Engine - INFO - [cached since 2.457s ago] (1,)
2025-09-17 17:12:42 - sqlalchemy.engine.Engine - INFO - ROLLBACK
2025-09-17 17:13:07 - app - INFO - Shutting down application...
2025-09-17 17:13:07 - app - INFO - Application ticketio-backend v0.0.1 initialized
2025-09-17 17:13:07 - asyncio - DEBUG - Using selector: KqueueSelector
2025-09-17 17:13:07 - app - INFO - Starting application...
2025-09-17 17:13:07 - app - INFO - App running...
2025-09-17 17:13:25 - app - INFO - Shutting down application...
2025-09-17 17:13:26 - app - INFO - Application ticketio-backend v0.0.1 initialized
2025-09-17 17:13:26 - asyncio - DEBUG - Using selector: KqueueSelector
2025-09-17 17:13:26 - app - INFO - Starting application...
2025-09-17 17:13:26 - app - INFO - App running...
2025-09-17 17:13:30 - sqlalchemy.engine.Engine - INFO - select pg_catalog.version()
2025-09-17 17:13:30 - sqlalchemy.engine.Engine - INFO - [raw sql] ()
2025-09-17 17:13:30 - sqlalchemy.engine.Engine - INFO - select current_schema()
2025-09-17 17:13:30 - sqlalchemy.engine.Engine - INFO - [raw sql] ()
2025-09-17 17:13:30 - sqlalchemy.engine.Engine - INFO - show standard_conforming_strings
2025-09-17 17:13:30 - sqlalchemy.engine.Engine - INFO - [raw sql] ()
2025-09-17 17:13:30 - sqlalchemy.engine.Engine - INFO - BEGIN (implicit)
2025-09-17 17:13:30 - sqlalchemy.engine.Engine - INFO - SELECT todos.created_at, todos.updated_at, todos.deleted_at, todos.is_deleted, todos.id, todos.title, todos.description, todos.completed, todos.due_date, todos.priority 
FROM todos 
WHERE todos.priority = $1::INTEGER
2025-09-17 17:13:30 - sqlalchemy.engine.Engine - INFO - [generated in 0.00020s] (1,)
2025-09-17 17:13:30 - sqlalchemy.engine.Engine - INFO - ROLLBACK
2025-09-17 17:13:33 - sqlalchemy.engine.Engine - INFO - BEGIN (implicit)
2025-09-17 17:13:33 - sqlalchemy.engine.Engine - INFO - SELECT todos.created_at, todos.updated_at, todos.deleted_at, todos.is_deleted, todos.id, todos.title, todos.description, todos.completed, todos.due_date, todos.priority 
FROM todos 
WHERE todos.priority = $1::INTEGER
2025-09-17 17:13:33 - sqlalchemy.engine.Engine - INFO - [cached since 2.819s ago] (2,)
2025-09-17 17:13:33 - sqlalchemy.engine.Engine - INFO - ROLLBACK
2025-09-17 17:14:22 - app - INFO - Shutting down application...
2025-09-17 17:14:22 - app - INFO - Application ticketio-backend v0.0.1 initialized
2025-09-17 17:14:22 - asyncio - DEBUG - Using selector: KqueueSelector
2025-09-17 17:14:22 - app - INFO - Starting application...
2025-09-17 17:14:22 - app - INFO - App running...
2025-09-17 17:14:37 - app - INFO - Shutting down application...
2025-09-17 17:14:37 - app - INFO - Application ticketio-backend v0.0.1 initialized
2025-09-17 17:14:37 - asyncio - DEBUG - Using selector: KqueueSelector
2025-09-17 17:14:37 - app - INFO - Starting application...
2025-09-17 17:14:37 - app - INFO - App running...
2025-09-17 17:14:57 - app - INFO - Shutting down application...
2025-09-17 17:14:57 - app - INFO - Application ticketio-backend v0.0.1 initialized
2025-09-17 17:14:57 - asyncio - DEBUG - Using selector: KqueueSelector
2025-09-17 17:14:57 - app - INFO - Starting application...
2025-09-17 17:14:57 - app - INFO - App running...
2025-09-17 17:15:08 - sqlalchemy.engine.Engine - INFO - select pg_catalog.version()
2025-09-17 17:15:08 - sqlalchemy.engine.Engine - INFO - [raw sql] ()
2025-09-17 17:15:08 - sqlalchemy.engine.Engine - INFO - select current_schema()
2025-09-17 17:15:08 - sqlalchemy.engine.Engine - INFO - [raw sql] ()
2025-09-17 17:15:08 - sqlalchemy.engine.Engine - INFO - show standard_conforming_strings
2025-09-17 17:15:08 - sqlalchemy.engine.Engine - INFO - [raw sql] ()
2025-09-17 17:15:08 - sqlalchemy.engine.Engine - INFO - BEGIN (implicit)
2025-09-17 17:15:08 - sqlalchemy.engine.Engine - INFO - SELECT todos.created_at, todos.updated_at, todos.deleted_at, todos.is_deleted, todos.id, todos.title, todos.description, todos.completed, todos.due_date, todos.priority 
FROM todos 
WHERE todos.id = $1::INTEGER
2025-09-17 17:15:08 - sqlalchemy.engine.Engine - INFO - [generated in 0.00022s] (3,)
2025-09-17 17:15:08 - sqlalchemy.engine.Engine - INFO - ROLLBACK
2025-09-17 17:15:43 - app - INFO - Shutting down application...
2025-09-17 17:15:44 - app - INFO - Application ticketio-backend v0.0.1 initialized
2025-09-17 17:15:44 - asyncio - DEBUG - Using selector: KqueueSelector
2025-09-17 17:15:44 - app - INFO - Starting application...
2025-09-17 17:15:44 - app - INFO - App running...
2025-09-17 17:15:55 - app - INFO - Shutting down application...
2025-09-17 17:15:56 - app - INFO - Application ticketio-backend v0.0.1 initialized
2025-09-17 17:15:56 - asyncio - DEBUG - Using selector: KqueueSelector
2025-09-17 17:15:56 - app - INFO - Starting application...
2025-09-17 17:15:56 - app - INFO - App running...
2025-09-17 17:16:10 - app - INFO - Shutting down application...
2025-09-17 17:16:10 - app - INFO - Application ticketio-backend v0.0.1 initialized
2025-09-17 17:16:10 - asyncio - DEBUG - Using selector: KqueueSelector
2025-09-17 17:16:10 - app - INFO - Starting application...
2025-09-17 17:16:10 - app - INFO - App running...
2025-09-17 17:16:26 - app - INFO - Shutting down application...
2025-09-17 17:16:26 - app - INFO - Application ticketio-backend v0.0.1 initialized
2025-09-17 17:16:26 - asyncio - DEBUG - Using selector: KqueueSelector
2025-09-17 17:16:26 - app - INFO - Starting application...
2025-09-17 17:16:26 - app - INFO - App running...
2025-09-17 17:16:35 - app - INFO - Shutting down application...
2025-09-17 17:16:35 - app - INFO - Application ticketio-backend v0.0.1 initialized
2025-09-17 17:16:35 - asyncio - DEBUG - Using selector: KqueueSelector
2025-09-17 17:16:35 - app - INFO - Starting application...
2025-09-17 17:16:35 - app - INFO - App running...
2025-09-17 17:16:38 - sqlalchemy.engine.Engine - INFO - select pg_catalog.version()
2025-09-17 17:16:38 - sqlalchemy.engine.Engine - INFO - [raw sql] ()
2025-09-17 17:16:38 - sqlalchemy.engine.Engine - INFO - select current_schema()
2025-09-17 17:16:38 - sqlalchemy.engine.Engine - INFO - [raw sql] ()
2025-09-17 17:16:38 - sqlalchemy.engine.Engine - INFO - show standard_conforming_strings
2025-09-17 17:16:38 - sqlalchemy.engine.Engine - INFO - [raw sql] ()
2025-09-17 17:16:38 - sqlalchemy.engine.Engine - INFO - BEGIN (implicit)
2025-09-17 17:16:38 - sqlalchemy.engine.Engine - INFO - SELECT todos.created_at, todos.updated_at, todos.deleted_at, todos.is_deleted, todos.id, todos.title, todos.description, todos.completed, todos.due_date, todos.priority 
FROM todos 
WHERE todos.id = $1::INTEGER
2025-09-17 17:16:38 - sqlalchemy.engine.Engine - INFO - [generated in 0.00022s] (3,)
2025-09-17 17:16:38 - sqlalchemy.engine.Engine - INFO - ROLLBACK
2025-09-17 17:16:44 - sqlalchemy.engine.Engine - INFO - BEGIN (implicit)
2025-09-17 17:16:44 - sqlalchemy.engine.Engine - INFO - SELECT todos.created_at, todos.updated_at, todos.deleted_at, todos.is_deleted, todos.id, todos.title, todos.description, todos.completed, todos.due_date, todos.priority 
FROM todos 
WHERE todos.id = $1::INTEGER
2025-09-17 17:16:44 - sqlalchemy.engine.Engine - INFO - [cached since 6.217s ago] (3,)
2025-09-17 17:16:44 - sqlalchemy.engine.Engine - INFO - ROLLBACK
2025-09-17 17:17:02 - sqlalchemy.engine.Engine - INFO - BEGIN (implicit)
2025-09-17 17:17:02 - sqlalchemy.engine.Engine - INFO - SELECT todos.created_at, todos.updated_at, todos.deleted_at, todos.is_deleted, todos.id, todos.title, todos.description, todos.completed, todos.due_date, todos.priority 
FROM todos 
WHERE todos.id = $1::INTEGER
2025-09-17 17:17:02 - sqlalchemy.engine.Engine - INFO - [cached since 23.9s ago] (2,)
2025-09-17 17:17:02 - sqlalchemy.engine.Engine - INFO - UPDATE todos SET updated_at=$1::TIMESTAMP WITH TIME ZONE, title=$2::VARCHAR, description=$3::VARCHAR, completed=$4::BOOLEAN, due_date=$5::TIMESTAMP WITH TIME ZONE WHERE todos.id = $6::INTEGER
2025-09-17 17:17:02 - sqlalchemy.engine.Engine - INFO - [generated in 0.00060s] (datetime.datetime(2025, 9, 17, 16, 17, 2, 547074, tzinfo=datetime.timezone.utc), 'updated', 'string', True, datetime.datetime(2025, 9, 18, 16, 16, 50, 395000, tzinfo=TzInfo(UTC)), 2)
2025-09-17 17:17:02 - sqlalchemy.engine.Engine - INFO - SELECT todos.created_at, todos.updated_at, todos.deleted_at, todos.is_deleted, todos.id, todos.title, todos.description, todos.completed, todos.due_date, todos.priority 
FROM todos 
WHERE todos.id = $1::INTEGER
2025-09-17 17:17:02 - sqlalchemy.engine.Engine - INFO - [cached since 23.91s ago] (2,)
2025-09-17 17:17:02 - sqlalchemy.engine.Engine - INFO - UPDATE todos SET updated_at=$1::TIMESTAMP WITH TIME ZONE WHERE todos.id = $2::INTEGER
2025-09-17 17:17:02 - sqlalchemy.engine.Engine - INFO - [generated in 0.00043s] (datetime.datetime(2025, 9, 17, 16, 17, 2, 561277, tzinfo=datetime.timezone.utc), 2)
2025-09-17 17:17:02 - sqlalchemy.engine.Engine - INFO - COMMIT
2025-09-17 17:17:02 - sqlalchemy.engine.Engine - INFO - BEGIN (implicit)
2025-09-17 17:17:02 - sqlalchemy.engine.Engine - INFO - SELECT todos.created_at, todos.updated_at, todos.deleted_at, todos.is_deleted, todos.id, todos.title, todos.description, todos.completed, todos.due_date, todos.priority 
FROM todos 
WHERE todos.id = $1::INTEGER
2025-09-17 17:17:02 - sqlalchemy.engine.Engine - INFO - [generated in 0.00017s] (2,)
2025-09-17 17:17:02 - sqlalchemy.engine.Engine - INFO - ROLLBACK
2025-09-17 17:17:15 - sqlalchemy.engine.Engine - INFO - BEGIN (implicit)
2025-09-17 17:17:15 - sqlalchemy.engine.Engine - INFO - SELECT todos.created_at, todos.updated_at, todos.deleted_at, todos.is_deleted, todos.id, todos.title, todos.description, todos.completed, todos.due_date, todos.priority 
FROM todos
2025-09-17 17:17:15 - sqlalchemy.engine.Engine - INFO - [generated in 0.00022s] ()
2025-09-17 17:17:15 - sqlalchemy.engine.Engine - INFO - ROLLBACK
2025-09-17 17:17:18 - sqlalchemy.engine.Engine - INFO - BEGIN (implicit)
2025-09-17 17:17:18 - sqlalchemy.engine.Engine - INFO - SELECT todos.created_at, todos.updated_at, todos.deleted_at, todos.is_deleted, todos.id, todos.title, todos.description, todos.completed, todos.due_date, todos.priority 
FROM todos 
WHERE todos.completed = true
2025-09-17 17:17:18 - sqlalchemy.engine.Engine - INFO - [generated in 0.00012s] ()
2025-09-17 17:17:18 - sqlalchemy.engine.Engine - INFO - ROLLBACK
2025-09-17 17:17:21 - sqlalchemy.engine.Engine - INFO - BEGIN (implicit)
2025-09-17 17:17:21 - sqlalchemy.engine.Engine - INFO - SELECT todos.created_at, todos.updated_at, todos.deleted_at, todos.is_deleted, todos.id, todos.title, todos.description, todos.completed, todos.due_date, todos.priority 
FROM todos 
WHERE todos.completed = true
2025-09-17 17:17:21 - sqlalchemy.engine.Engine - INFO - [cached since 2.616s ago] ()
2025-09-17 17:17:21 - sqlalchemy.engine.Engine - INFO - ROLLBACK
2025-09-17 17:17:32 - sqlalchemy.engine.Engine - INFO - BEGIN (implicit)
2025-09-17 17:17:32 - sqlalchemy.engine.Engine - INFO - SELECT todos.created_at, todos.updated_at, todos.deleted_at, todos.is_deleted, todos.id, todos.title, todos.description, todos.completed, todos.due_date, todos.priority 
FROM todos 
WHERE todos.id = $1::INTEGER
2025-09-17 17:17:32 - sqlalchemy.engine.Engine - INFO - [cached since 54.18s ago] (1,)
2025-09-17 17:17:32 - sqlalchemy.engine.Engine - INFO - UPDATE todos SET updated_at=$1::TIMESTAMP WITH TIME ZONE, deleted_at=$2::TIMESTAMP WITH TIME ZONE, is_deleted=$3::BOOLEAN WHERE todos.id = $4::INTEGER
2025-09-17 17:17:32 - sqlalchemy.engine.Engine - INFO - [generated in 0.00018s] (datetime.datetime(2025, 9, 17, 16, 17, 32, 824568, tzinfo=datetime.timezone.utc), datetime.datetime(2025, 9, 17, 16, 17, 32, 824300, tzinfo=datetime.timezone.utc), True, 1)
2025-09-17 17:17:32 - sqlalchemy.engine.Engine - INFO - COMMIT
2025-09-17 17:17:32 - sqlalchemy.engine.Engine - INFO - BEGIN (implicit)
2025-09-17 17:17:32 - sqlalchemy.engine.Engine - INFO - SELECT todos.created_at, todos.updated_at, todos.deleted_at, todos.is_deleted, todos.id, todos.title, todos.description, todos.completed, todos.due_date, todos.priority 
FROM todos 
WHERE todos.id = $1::INTEGER
2025-09-17 17:17:32 - sqlalchemy.engine.Engine - INFO - [cached since 30.26s ago] (1,)
2025-09-17 17:17:32 - sqlalchemy.engine.Engine - INFO - ROLLBACK
2025-09-17 17:17:44 - sqlalchemy.engine.Engine - INFO - BEGIN (implicit)
2025-09-17 17:17:44 - sqlalchemy.engine.Engine - INFO - SELECT todos.created_at, todos.updated_at, todos.deleted_at, todos.is_deleted, todos.id, todos.title, todos.description, todos.completed, todos.due_date, todos.priority 
FROM todos 
WHERE todos.title = $1::VARCHAR
2025-09-17 17:17:44 - sqlalchemy.engine.Engine - INFO - [generated in 0.00019s] ('s',)
2025-09-17 17:17:44 - sqlalchemy.engine.Engine - INFO - ROLLBACK
2025-09-17 17:17:50 - sqlalchemy.engine.Engine - INFO - BEGIN (implicit)
2025-09-17 17:17:50 - sqlalchemy.engine.Engine - INFO - SELECT todos.created_at, todos.updated_at, todos.deleted_at, todos.is_deleted, todos.id, todos.title, todos.description, todos.completed, todos.due_date, todos.priority 
FROM todos 
WHERE todos.title = $1::VARCHAR
2025-09-17 17:17:50 - sqlalchemy.engine.Engine - INFO - [cached since 5.994s ago] ('string',)
2025-09-17 17:17:50 - sqlalchemy.engine.Engine - INFO - ROLLBACK
2025-09-17 17:17:55 - sqlalchemy.engine.Engine - INFO - BEGIN (implicit)
2025-09-17 17:17:55 - sqlalchemy.engine.Engine - INFO - SELECT todos.created_at, todos.updated_at, todos.deleted_at, todos.is_deleted, todos.id, todos.title, todos.description, todos.completed, todos.due_date, todos.priority 
FROM todos 
WHERE todos.title = $1::VARCHAR
2025-09-17 17:17:55 - sqlalchemy.engine.Engine - INFO - [cached since 10.55s ago] ('updated',)
2025-09-17 17:17:55 - sqlalchemy.engine.Engine - INFO - ROLLBACK
2025-09-17 17:17:58 - sqlalchemy.engine.Engine - INFO - BEGIN (implicit)
2025-09-17 17:17:58 - sqlalchemy.engine.Engine - INFO - SELECT todos.created_at, todos.updated_at, todos.deleted_at, todos.is_deleted, todos.id, todos.title, todos.description, todos.completed, todos.due_date, todos.priority 
FROM todos 
WHERE todos.title = $1::VARCHAR
2025-09-17 17:17:58 - sqlalchemy.engine.Engine - INFO - [cached since 13.48s ago] ('update',)
2025-09-17 17:17:58 - sqlalchemy.engine.Engine - INFO - ROLLBACK
2025-09-17 17:18:02 - app - INFO - Shutting down application...
2025-09-17 17:18:38 - app - INFO - Application ticketio-backend v0.0.1 initialized
2025-09-17 17:18:39 - app - INFO - Application ticketio-backend v0.0.1 initialized
2025-09-17 17:18:39 - asyncio - DEBUG - Using selector: KqueueSelector
2025-09-17 17:18:39 - app - INFO - Starting application...
2025-09-17 17:18:39 - sqlalchemy.engine.Engine - INFO - select pg_catalog.version()
2025-09-17 17:18:39 - sqlalchemy.engine.Engine - INFO - [raw sql] ()
2025-09-17 17:18:39 - sqlalchemy.engine.Engine - INFO - select current_schema()
2025-09-17 17:18:39 - sqlalchemy.engine.Engine - INFO - [raw sql] ()
2025-09-17 17:18:39 - sqlalchemy.engine.Engine - INFO - show standard_conforming_strings
2025-09-17 17:18:39 - sqlalchemy.engine.Engine - INFO - [raw sql] ()
2025-09-17 17:18:39 - sqlalchemy.engine.Engine - INFO - BEGIN (implicit)
2025-09-17 17:18:39 - sqlalchemy.engine.Engine - INFO - SELECT pg_catalog.pg_class.relname 
FROM pg_catalog.pg_class JOIN pg_catalog.pg_namespace ON pg_catalog.pg_namespace.oid = pg_catalog.pg_class.relnamespace 
WHERE pg_catalog.pg_class.relname = $1::VARCHAR AND pg_catalog.pg_class.relkind = ANY (ARRAY[$2::VARCHAR, $3::VARCHAR, $4::VARCHAR, $5::VARCHAR, $6::VARCHAR]) AND pg_catalog.pg_table_is_visible(pg_catalog.pg_class.oid) AND pg_catalog.pg_namespace.nspname != $7::VARCHAR
2025-09-17 17:18:39 - sqlalchemy.engine.Engine - INFO - [generated in 0.00013s] ('todos', 'r', 'p', 'f', 'v', 'm', 'pg_catalog')
2025-09-17 17:18:39 - sqlalchemy.engine.Engine - INFO - COMMIT
2025-09-17 17:18:39 - app - INFO - App running...
2025-09-17 17:18:43 - app - INFO - Shutting down application...
2025-09-18 11:18:51 - app - INFO - Application TicketIO v0.0.1 initialized
2025-09-18 11:19:00 - app - INFO - Application TicketIO v0.0.1 initialized
2025-09-18 11:19:00 - app - INFO - Application TicketIO v0.0.1 initialized
2025-09-18 11:19:00 - asyncio - DEBUG - Using selector: KqueueSelector
2025-09-18 11:19:00 - app - INFO - Starting application...
2025-09-18 11:19:01 - sqlalchemy.engine.Engine - INFO - select pg_catalog.version()
2025-09-18 11:19:01 - sqlalchemy.engine.Engine - INFO - [raw sql] ()
2025-09-18 11:19:01 - sqlalchemy.engine.Engine - INFO - select current_schema()
2025-09-18 11:19:01 - sqlalchemy.engine.Engine - INFO - [raw sql] ()
2025-09-18 11:19:01 - sqlalchemy.engine.Engine - INFO - show standard_conforming_strings
2025-09-18 11:19:01 - sqlalchemy.engine.Engine - INFO - [raw sql] ()
2025-09-18 11:19:01 - sqlalchemy.engine.Engine - INFO - BEGIN (implicit)
2025-09-18 11:19:01 - sqlalchemy.engine.Engine - INFO - SELECT pg_catalog.pg_class.relname 
FROM pg_catalog.pg_class JOIN pg_catalog.pg_namespace ON pg_catalog.pg_namespace.oid = pg_catalog.pg_class.relnamespace 
WHERE pg_catalog.pg_class.relname = $1::VARCHAR AND pg_catalog.pg_class.relkind = ANY (ARRAY[$2::VARCHAR, $3::VARCHAR, $4::VARCHAR, $5::VARCHAR, $6::VARCHAR]) AND pg_catalog.pg_table_is_visible(pg_catalog.pg_class.oid) AND pg_catalog.pg_namespace.nspname != $7::VARCHAR
2025-09-18 11:19:01 - sqlalchemy.engine.Engine - INFO - [generated in 0.00012s] ('users', 'r', 'p', 'f', 'v', 'm', 'pg_catalog')
2025-09-18 11:19:01 - sqlalchemy.engine.Engine - INFO - SELECT pg_catalog.pg_class.relname 
FROM pg_catalog.pg_class JOIN pg_catalog.pg_namespace ON pg_catalog.pg_namespace.oid = pg_catalog.pg_class.relnamespace 
WHERE pg_catalog.pg_class.relname = $1::VARCHAR AND pg_catalog.pg_class.relkind = ANY (ARRAY[$2::VARCHAR, $3::VARCHAR, $4::VARCHAR, $5::VARCHAR, $6::VARCHAR]) AND pg_catalog.pg_table_is_visible(pg_catalog.pg_class.oid) AND pg_catalog.pg_namespace.nspname != $7::VARCHAR
2025-09-18 11:19:01 - sqlalchemy.engine.Engine - INFO - [cached since 0.01592s ago] ('events', 'r', 'p', 'f', 'v', 'm', 'pg_catalog')
2025-09-18 11:19:01 - sqlalchemy.engine.Engine - INFO - SELECT pg_catalog.pg_class.relname 
FROM pg_catalog.pg_class JOIN pg_catalog.pg_namespace ON pg_catalog.pg_namespace.oid = pg_catalog.pg_class.relnamespace 
WHERE pg_catalog.pg_class.relname = $1::VARCHAR AND pg_catalog.pg_class.relkind = ANY (ARRAY[$2::VARCHAR, $3::VARCHAR, $4::VARCHAR, $5::VARCHAR, $6::VARCHAR]) AND pg_catalog.pg_table_is_visible(pg_catalog.pg_class.oid) AND pg_catalog.pg_namespace.nspname != $7::VARCHAR
2025-09-18 11:19:01 - sqlalchemy.engine.Engine - INFO - [cached since 0.01715s ago] ('tickets', 'r', 'p', 'f', 'v', 'm', 'pg_catalog')
2025-09-18 11:19:01 - sqlalchemy.engine.Engine - INFO - SELECT pg_catalog.pg_type.typname 
FROM pg_catalog.pg_type JOIN pg_catalog.pg_namespace ON pg_catalog.pg_namespace.oid = pg_catalog.pg_type.typnamespace 
WHERE pg_catalog.pg_type.typname = $1::VARCHAR AND pg_catalog.pg_type_is_visible(pg_catalog.pg_type.oid) AND pg_catalog.pg_namespace.nspname != $2::VARCHAR
2025-09-18 11:19:01 - sqlalchemy.engine.Engine - INFO - [generated in 0.00013s] ('userrole', 'pg_catalog')
2025-09-18 11:19:01 - sqlalchemy.engine.Engine - INFO - SELECT pg_catalog.pg_type.typname 
FROM pg_catalog.pg_type JOIN pg_catalog.pg_namespace ON pg_catalog.pg_namespace.oid = pg_catalog.pg_type.typnamespace 
WHERE pg_catalog.pg_type.typname = $1::VARCHAR AND pg_catalog.pg_type_is_visible(pg_catalog.pg_type.oid) AND pg_catalog.pg_namespace.nspname != $2::VARCHAR
2025-09-18 11:19:01 - sqlalchemy.engine.Engine - INFO - [cached since 0.002362s ago] ('ticketstatus', 'pg_catalog')
2025-09-18 11:19:01 - sqlalchemy.engine.Engine - INFO - COMMIT
2025-09-18 11:19:01 - app - INFO - App running...
2025-09-18 11:20:53 - app - INFO - Shutting down application...
2025-09-18 11:20:53 - app - INFO - Application TicketIO v0.0.1 initialized
2025-09-18 11:20:53 - asyncio - DEBUG - Using selector: KqueueSelector
2025-09-18 11:20:53 - app - INFO - Starting application...
2025-09-18 11:20:54 - sqlalchemy.engine.Engine - INFO - select pg_catalog.version()
2025-09-18 11:20:54 - sqlalchemy.engine.Engine - INFO - [raw sql] ()
2025-09-18 11:20:54 - sqlalchemy.engine.Engine - INFO - select current_schema()
2025-09-18 11:20:54 - sqlalchemy.engine.Engine - INFO - [raw sql] ()
2025-09-18 11:20:54 - sqlalchemy.engine.Engine - INFO - show standard_conforming_strings
2025-09-18 11:20:54 - sqlalchemy.engine.Engine - INFO - [raw sql] ()
2025-09-18 11:20:54 - sqlalchemy.engine.Engine - INFO - BEGIN (implicit)
2025-09-18 11:20:54 - sqlalchemy.engine.Engine - INFO - SELECT pg_catalog.pg_class.relname 
FROM pg_catalog.pg_class JOIN pg_catalog.pg_namespace ON pg_catalog.pg_namespace.oid = pg_catalog.pg_class.relnamespace 
WHERE pg_catalog.pg_class.relname = $1::VARCHAR AND pg_catalog.pg_class.relkind = ANY (ARRAY[$2::VARCHAR, $3::VARCHAR, $4::VARCHAR, $5::VARCHAR, $6::VARCHAR]) AND pg_catalog.pg_table_is_visible(pg_catalog.pg_class.oid) AND pg_catalog.pg_namespace.nspname != $7::VARCHAR
2025-09-18 11:20:54 - sqlalchemy.engine.Engine - INFO - [generated in 0.00014s] ('users', 'r', 'p', 'f', 'v', 'm', 'pg_catalog')
2025-09-18 11:20:54 - sqlalchemy.engine.Engine - INFO - SELECT pg_catalog.pg_class.relname 
FROM pg_catalog.pg_class JOIN pg_catalog.pg_namespace ON pg_catalog.pg_namespace.oid = pg_catalog.pg_class.relnamespace 
WHERE pg_catalog.pg_class.relname = $1::VARCHAR AND pg_catalog.pg_class.relkind = ANY (ARRAY[$2::VARCHAR, $3::VARCHAR, $4::VARCHAR, $5::VARCHAR, $6::VARCHAR]) AND pg_catalog.pg_table_is_visible(pg_catalog.pg_class.oid) AND pg_catalog.pg_namespace.nspname != $7::VARCHAR
2025-09-18 11:20:54 - sqlalchemy.engine.Engine - INFO - [cached since 0.002691s ago] ('events', 'r', 'p', 'f', 'v', 'm', 'pg_catalog')
2025-09-18 11:20:54 - sqlalchemy.engine.Engine - INFO - SELECT pg_catalog.pg_class.relname 
FROM pg_catalog.pg_class JOIN pg_catalog.pg_namespace ON pg_catalog.pg_namespace.oid = pg_catalog.pg_class.relnamespace 
WHERE pg_catalog.pg_class.relname = $1::VARCHAR AND pg_catalog.pg_class.relkind = ANY (ARRAY[$2::VARCHAR, $3::VARCHAR, $4::VARCHAR, $5::VARCHAR, $6::VARCHAR]) AND pg_catalog.pg_table_is_visible(pg_catalog.pg_class.oid) AND pg_catalog.pg_namespace.nspname != $7::VARCHAR
2025-09-18 11:20:54 - sqlalchemy.engine.Engine - INFO - [cached since 0.003243s ago] ('tickets', 'r', 'p', 'f', 'v', 'm', 'pg_catalog')
2025-09-18 11:20:54 - sqlalchemy.engine.Engine - INFO - SELECT pg_catalog.pg_type.typname 
FROM pg_catalog.pg_type JOIN pg_catalog.pg_namespace ON pg_catalog.pg_namespace.oid = pg_catalog.pg_type.typnamespace 
WHERE pg_catalog.pg_type.typname = $1::VARCHAR AND pg_catalog.pg_type_is_visible(pg_catalog.pg_type.oid) AND pg_catalog.pg_namespace.nspname != $2::VARCHAR
2025-09-18 11:20:54 - sqlalchemy.engine.Engine - INFO - [generated in 0.00017s] ('userrole', 'pg_catalog')
2025-09-18 11:20:54 - sqlalchemy.engine.Engine - INFO - SELECT pg_catalog.pg_type.typname 
FROM pg_catalog.pg_type JOIN pg_catalog.pg_namespace ON pg_catalog.pg_namespace.oid = pg_catalog.pg_type.typnamespace 
WHERE pg_catalog.pg_type.typname = $1::VARCHAR AND pg_catalog.pg_type_is_visible(pg_catalog.pg_type.oid) AND pg_catalog.pg_namespace.nspname != $2::VARCHAR
2025-09-18 11:20:54 - sqlalchemy.engine.Engine - INFO - [cached since 0.002663s ago] ('ticketstatus', 'pg_catalog')
2025-09-18 11:20:54 - sqlalchemy.engine.Engine - INFO - COMMIT
2025-09-18 11:20:54 - app - INFO - App running...
2025-09-18 11:22:16 - app - INFO - Shutting down application...
2025-09-18 11:22:17 - app - INFO - Application TicketIO v0.0.1 initialized
2025-09-18 11:22:17 - asyncio - DEBUG - Using selector: KqueueSelector
2025-09-18 11:22:17 - app - INFO - Starting application...
2025-09-18 11:22:17 - sqlalchemy.engine.Engine - INFO - select pg_catalog.version()
2025-09-18 11:22:17 - sqlalchemy.engine.Engine - INFO - [raw sql] ()
2025-09-18 11:22:17 - sqlalchemy.engine.Engine - INFO - select current_schema()
2025-09-18 11:22:17 - sqlalchemy.engine.Engine - INFO - [raw sql] ()
2025-09-18 11:22:17 - sqlalchemy.engine.Engine - INFO - show standard_conforming_strings
2025-09-18 11:22:17 - sqlalchemy.engine.Engine - INFO - [raw sql] ()
2025-09-18 11:22:17 - sqlalchemy.engine.Engine - INFO - BEGIN (implicit)
2025-09-18 11:22:17 - sqlalchemy.engine.Engine - INFO - SELECT pg_catalog.pg_class.relname 
FROM pg_catalog.pg_class JOIN pg_catalog.pg_namespace ON pg_catalog.pg_namespace.oid = pg_catalog.pg_class.relnamespace 
WHERE pg_catalog.pg_class.relname = $1::VARCHAR AND pg_catalog.pg_class.relkind = ANY (ARRAY[$2::VARCHAR, $3::VARCHAR, $4::VARCHAR, $5::VARCHAR, $6::VARCHAR]) AND pg_catalog.pg_table_is_visible(pg_catalog.pg_class.oid) AND pg_catalog.pg_namespace.nspname != $7::VARCHAR
2025-09-18 11:22:17 - sqlalchemy.engine.Engine - INFO - [generated in 0.00012s] ('users', 'r', 'p', 'f', 'v', 'm', 'pg_catalog')
2025-09-18 11:22:17 - sqlalchemy.engine.Engine - INFO - SELECT pg_catalog.pg_class.relname 
FROM pg_catalog.pg_class JOIN pg_catalog.pg_namespace ON pg_catalog.pg_namespace.oid = pg_catalog.pg_class.relnamespace 
WHERE pg_catalog.pg_class.relname = $1::VARCHAR AND pg_catalog.pg_class.relkind = ANY (ARRAY[$2::VARCHAR, $3::VARCHAR, $4::VARCHAR, $5::VARCHAR, $6::VARCHAR]) AND pg_catalog.pg_table_is_visible(pg_catalog.pg_class.oid) AND pg_catalog.pg_namespace.nspname != $7::VARCHAR
2025-09-18 11:22:17 - sqlalchemy.engine.Engine - INFO - [cached since 0.01282s ago] ('events', 'r', 'p', 'f', 'v', 'm', 'pg_catalog')
2025-09-18 11:22:17 - sqlalchemy.engine.Engine - INFO - SELECT pg_catalog.pg_class.relname 
FROM pg_catalog.pg_class JOIN pg_catalog.pg_namespace ON pg_catalog.pg_namespace.oid = pg_catalog.pg_class.relnamespace 
WHERE pg_catalog.pg_class.relname = $1::VARCHAR AND pg_catalog.pg_class.relkind = ANY (ARRAY[$2::VARCHAR, $3::VARCHAR, $4::VARCHAR, $5::VARCHAR, $6::VARCHAR]) AND pg_catalog.pg_table_is_visible(pg_catalog.pg_class.oid) AND pg_catalog.pg_namespace.nspname != $7::VARCHAR
2025-09-18 11:22:17 - sqlalchemy.engine.Engine - INFO - [cached since 0.05414s ago] ('tickets', 'r', 'p', 'f', 'v', 'm', 'pg_catalog')
2025-09-18 11:22:17 - sqlalchemy.engine.Engine - INFO - SELECT pg_catalog.pg_type.typname 
FROM pg_catalog.pg_type JOIN pg_catalog.pg_namespace ON pg_catalog.pg_namespace.oid = pg_catalog.pg_type.typnamespace 
WHERE pg_catalog.pg_type.typname = $1::VARCHAR AND pg_catalog.pg_type_is_visible(pg_catalog.pg_type.oid) AND pg_catalog.pg_namespace.nspname != $2::VARCHAR
2025-09-18 11:22:17 - sqlalchemy.engine.Engine - INFO - [generated in 0.00019s] ('userrole', 'pg_catalog')
2025-09-18 11:22:17 - sqlalchemy.engine.Engine - INFO - SELECT pg_catalog.pg_type.typname 
FROM pg_catalog.pg_type JOIN pg_catalog.pg_namespace ON pg_catalog.pg_namespace.oid = pg_catalog.pg_type.typnamespace 
WHERE pg_catalog.pg_type.typname = $1::VARCHAR AND pg_catalog.pg_type_is_visible(pg_catalog.pg_type.oid) AND pg_catalog.pg_namespace.nspname != $2::VARCHAR
2025-09-18 11:22:17 - sqlalchemy.engine.Engine - INFO - [cached since 0.01085s ago] ('ticketstatus', 'pg_catalog')
2025-09-18 11:22:17 - sqlalchemy.engine.Engine - INFO - COMMIT
2025-09-18 11:22:17 - app - INFO - App running...
2025-09-18 11:22:24 - app - INFO - Shutting down application...
2025-09-18 11:22:24 - app - INFO - Application TicketIO v0.0.1 initialized
2025-09-18 11:22:24 - asyncio - DEBUG - Using selector: KqueueSelector
2025-09-18 11:22:24 - app - INFO - Starting application...
2025-09-18 11:22:24 - sqlalchemy.engine.Engine - INFO - select pg_catalog.version()
2025-09-18 11:22:24 - sqlalchemy.engine.Engine - INFO - [raw sql] ()
2025-09-18 11:22:24 - sqlalchemy.engine.Engine - INFO - select current_schema()
2025-09-18 11:22:24 - sqlalchemy.engine.Engine - INFO - [raw sql] ()
2025-09-18 11:22:24 - sqlalchemy.engine.Engine - INFO - show standard_conforming_strings
2025-09-18 11:22:24 - sqlalchemy.engine.Engine - INFO - [raw sql] ()
2025-09-18 11:22:24 - sqlalchemy.engine.Engine - INFO - BEGIN (implicit)
2025-09-18 11:22:24 - sqlalchemy.engine.Engine - INFO - SELECT pg_catalog.pg_class.relname 
FROM pg_catalog.pg_class JOIN pg_catalog.pg_namespace ON pg_catalog.pg_namespace.oid = pg_catalog.pg_class.relnamespace 
WHERE pg_catalog.pg_class.relname = $1::VARCHAR AND pg_catalog.pg_class.relkind = ANY (ARRAY[$2::VARCHAR, $3::VARCHAR, $4::VARCHAR, $5::VARCHAR, $6::VARCHAR]) AND pg_catalog.pg_table_is_visible(pg_catalog.pg_class.oid) AND pg_catalog.pg_namespace.nspname != $7::VARCHAR
2025-09-18 11:22:24 - sqlalchemy.engine.Engine - INFO - [generated in 0.00014s] ('users', 'r', 'p', 'f', 'v', 'm', 'pg_catalog')
2025-09-18 11:22:24 - sqlalchemy.engine.Engine - INFO - SELECT pg_catalog.pg_class.relname 
FROM pg_catalog.pg_class JOIN pg_catalog.pg_namespace ON pg_catalog.pg_namespace.oid = pg_catalog.pg_class.relnamespace 
WHERE pg_catalog.pg_class.relname = $1::VARCHAR AND pg_catalog.pg_class.relkind = ANY (ARRAY[$2::VARCHAR, $3::VARCHAR, $4::VARCHAR, $5::VARCHAR, $6::VARCHAR]) AND pg_catalog.pg_table_is_visible(pg_catalog.pg_class.oid) AND pg_catalog.pg_namespace.nspname != $7::VARCHAR
2025-09-18 11:22:24 - sqlalchemy.engine.Engine - INFO - [cached since 0.003118s ago] ('events', 'r', 'p', 'f', 'v', 'm', 'pg_catalog')
2025-09-18 11:22:24 - sqlalchemy.engine.Engine - INFO - SELECT pg_catalog.pg_class.relname 
FROM pg_catalog.pg_class JOIN pg_catalog.pg_namespace ON pg_catalog.pg_namespace.oid = pg_catalog.pg_class.relnamespace 
WHERE pg_catalog.pg_class.relname = $1::VARCHAR AND pg_catalog.pg_class.relkind = ANY (ARRAY[$2::VARCHAR, $3::VARCHAR, $4::VARCHAR, $5::VARCHAR, $6::VARCHAR]) AND pg_catalog.pg_table_is_visible(pg_catalog.pg_class.oid) AND pg_catalog.pg_namespace.nspname != $7::VARCHAR
2025-09-18 11:22:24 - sqlalchemy.engine.Engine - INFO - [cached since 0.003806s ago] ('tickets', 'r', 'p', 'f', 'v', 'm', 'pg_catalog')
2025-09-18 11:22:24 - sqlalchemy.engine.Engine - INFO - SELECT pg_catalog.pg_type.typname 
FROM pg_catalog.pg_type JOIN pg_catalog.pg_namespace ON pg_catalog.pg_namespace.oid = pg_catalog.pg_type.typnamespace 
WHERE pg_catalog.pg_type.typname = $1::VARCHAR AND pg_catalog.pg_type_is_visible(pg_catalog.pg_type.oid) AND pg_catalog.pg_namespace.nspname != $2::VARCHAR
2025-09-18 11:22:24 - sqlalchemy.engine.Engine - INFO - [generated in 0.00011s] ('userrole', 'pg_catalog')
2025-09-18 11:22:24 - sqlalchemy.engine.Engine - INFO - SELECT pg_catalog.pg_type.typname 
FROM pg_catalog.pg_type JOIN pg_catalog.pg_namespace ON pg_catalog.pg_namespace.oid = pg_catalog.pg_type.typnamespace 
WHERE pg_catalog.pg_type.typname = $1::VARCHAR AND pg_catalog.pg_type_is_visible(pg_catalog.pg_type.oid) AND pg_catalog.pg_namespace.nspname != $2::VARCHAR
2025-09-18 11:22:24 - sqlalchemy.engine.Engine - INFO - [cached since 0.001585s ago] ('ticketstatus', 'pg_catalog')
2025-09-18 11:22:24 - sqlalchemy.engine.Engine - INFO - COMMIT
2025-09-18 11:22:24 - app - INFO - App running...
2025-09-18 11:22:29 - app - INFO - Shutting down application...
2025-09-18 11:22:30 - app - INFO - Application TicketIO v0.0.1 initialized
2025-09-18 11:22:30 - asyncio - DEBUG - Using selector: KqueueSelector
2025-09-18 11:22:30 - app - INFO - Starting application...
2025-09-18 11:22:30 - sqlalchemy.engine.Engine - INFO - select pg_catalog.version()
2025-09-18 11:22:30 - sqlalchemy.engine.Engine - INFO - [raw sql] ()
2025-09-18 11:22:30 - sqlalchemy.engine.Engine - INFO - select current_schema()
2025-09-18 11:22:30 - sqlalchemy.engine.Engine - INFO - [raw sql] ()
2025-09-18 11:22:30 - sqlalchemy.engine.Engine - INFO - show standard_conforming_strings
2025-09-18 11:22:30 - sqlalchemy.engine.Engine - INFO - [raw sql] ()
2025-09-18 11:22:30 - sqlalchemy.engine.Engine - INFO - BEGIN (implicit)
2025-09-18 11:22:30 - sqlalchemy.engine.Engine - INFO - SELECT pg_catalog.pg_class.relname 
FROM pg_catalog.pg_class JOIN pg_catalog.pg_namespace ON pg_catalog.pg_namespace.oid = pg_catalog.pg_class.relnamespace 
WHERE pg_catalog.pg_class.relname = $1::VARCHAR AND pg_catalog.pg_class.relkind = ANY (ARRAY[$2::VARCHAR, $3::VARCHAR, $4::VARCHAR, $5::VARCHAR, $6::VARCHAR]) AND pg_catalog.pg_table_is_visible(pg_catalog.pg_class.oid) AND pg_catalog.pg_namespace.nspname != $7::VARCHAR
2025-09-18 11:22:30 - sqlalchemy.engine.Engine - INFO - [generated in 0.00013s] ('users', 'r', 'p', 'f', 'v', 'm', 'pg_catalog')
2025-09-18 11:22:30 - sqlalchemy.engine.Engine - INFO - SELECT pg_catalog.pg_class.relname 
FROM pg_catalog.pg_class JOIN pg_catalog.pg_namespace ON pg_catalog.pg_namespace.oid = pg_catalog.pg_class.relnamespace 
WHERE pg_catalog.pg_class.relname = $1::VARCHAR AND pg_catalog.pg_class.relkind = ANY (ARRAY[$2::VARCHAR, $3::VARCHAR, $4::VARCHAR, $5::VARCHAR, $6::VARCHAR]) AND pg_catalog.pg_table_is_visible(pg_catalog.pg_class.oid) AND pg_catalog.pg_namespace.nspname != $7::VARCHAR
2025-09-18 11:22:30 - sqlalchemy.engine.Engine - INFO - [cached since 0.002705s ago] ('events', 'r', 'p', 'f', 'v', 'm', 'pg_catalog')
2025-09-18 11:22:30 - sqlalchemy.engine.Engine - INFO - SELECT pg_catalog.pg_class.relname 
FROM pg_catalog.pg_class JOIN pg_catalog.pg_namespace ON pg_catalog.pg_namespace.oid = pg_catalog.pg_class.relnamespace 
WHERE pg_catalog.pg_class.relname = $1::VARCHAR AND pg_catalog.pg_class.relkind = ANY (ARRAY[$2::VARCHAR, $3::VARCHAR, $4::VARCHAR, $5::VARCHAR, $6::VARCHAR]) AND pg_catalog.pg_table_is_visible(pg_catalog.pg_class.oid) AND pg_catalog.pg_namespace.nspname != $7::VARCHAR
2025-09-18 11:22:30 - sqlalchemy.engine.Engine - INFO - [cached since 0.003289s ago] ('tickets', 'r', 'p', 'f', 'v', 'm', 'pg_catalog')
2025-09-18 11:22:30 - sqlalchemy.engine.Engine - INFO - SELECT pg_catalog.pg_type.typname 
FROM pg_catalog.pg_type JOIN pg_catalog.pg_namespace ON pg_catalog.pg_namespace.oid = pg_catalog.pg_type.typnamespace 
WHERE pg_catalog.pg_type.typname = $1::VARCHAR AND pg_catalog.pg_type_is_visible(pg_catalog.pg_type.oid) AND pg_catalog.pg_namespace.nspname != $2::VARCHAR
2025-09-18 11:22:30 - sqlalchemy.engine.Engine - INFO - [generated in 0.00011s] ('userrole', 'pg_catalog')
2025-09-18 11:22:30 - sqlalchemy.engine.Engine - INFO - SELECT pg_catalog.pg_type.typname 
FROM pg_catalog.pg_type JOIN pg_catalog.pg_namespace ON pg_catalog.pg_namespace.oid = pg_catalog.pg_type.typnamespace 
WHERE pg_catalog.pg_type.typname = $1::VARCHAR AND pg_catalog.pg_type_is_visible(pg_catalog.pg_type.oid) AND pg_catalog.pg_namespace.nspname != $2::VARCHAR
2025-09-18 11:22:30 - sqlalchemy.engine.Engine - INFO - [cached since 0.001392s ago] ('ticketstatus', 'pg_catalog')
2025-09-18 11:22:30 - sqlalchemy.engine.Engine - INFO - COMMIT
2025-09-18 11:22:30 - app - INFO - App running...
2025-09-18 11:22:38 - app - INFO - Shutting down application...
2025-09-18 11:22:39 - app - INFO - Application TicketIO v0.0.1 initialized
2025-09-18 11:22:39 - asyncio - DEBUG - Using selector: KqueueSelector
2025-09-18 11:22:39 - app - INFO - Starting application...
2025-09-18 11:22:39 - sqlalchemy.engine.Engine - INFO - select pg_catalog.version()
2025-09-18 11:22:39 - sqlalchemy.engine.Engine - INFO - [raw sql] ()
2025-09-18 11:22:39 - sqlalchemy.engine.Engine - INFO - select current_schema()
2025-09-18 11:22:39 - sqlalchemy.engine.Engine - INFO - [raw sql] ()
2025-09-18 11:22:39 - sqlalchemy.engine.Engine - INFO - show standard_conforming_strings
2025-09-18 11:22:39 - sqlalchemy.engine.Engine - INFO - [raw sql] ()
2025-09-18 11:22:39 - sqlalchemy.engine.Engine - INFO - BEGIN (implicit)
2025-09-18 11:22:39 - sqlalchemy.engine.Engine - INFO - SELECT pg_catalog.pg_class.relname 
FROM pg_catalog.pg_class JOIN pg_catalog.pg_namespace ON pg_catalog.pg_namespace.oid = pg_catalog.pg_class.relnamespace 
WHERE pg_catalog.pg_class.relname = $1::VARCHAR AND pg_catalog.pg_class.relkind = ANY (ARRAY[$2::VARCHAR, $3::VARCHAR, $4::VARCHAR, $5::VARCHAR, $6::VARCHAR]) AND pg_catalog.pg_table_is_visible(pg_catalog.pg_class.oid) AND pg_catalog.pg_namespace.nspname != $7::VARCHAR
2025-09-18 11:22:39 - sqlalchemy.engine.Engine - INFO - [generated in 0.00020s] ('users', 'r', 'p', 'f', 'v', 'm', 'pg_catalog')
2025-09-18 11:22:39 - sqlalchemy.engine.Engine - INFO - SELECT pg_catalog.pg_class.relname 
FROM pg_catalog.pg_class JOIN pg_catalog.pg_namespace ON pg_catalog.pg_namespace.oid = pg_catalog.pg_class.relnamespace 
WHERE pg_catalog.pg_class.relname = $1::VARCHAR AND pg_catalog.pg_class.relkind = ANY (ARRAY[$2::VARCHAR, $3::VARCHAR, $4::VARCHAR, $5::VARCHAR, $6::VARCHAR]) AND pg_catalog.pg_table_is_visible(pg_catalog.pg_class.oid) AND pg_catalog.pg_namespace.nspname != $7::VARCHAR
2025-09-18 11:22:39 - sqlalchemy.engine.Engine - INFO - [cached since 0.004877s ago] ('events', 'r', 'p', 'f', 'v', 'm', 'pg_catalog')
2025-09-18 11:22:39 - sqlalchemy.engine.Engine - INFO - SELECT pg_catalog.pg_class.relname 
FROM pg_catalog.pg_class JOIN pg_catalog.pg_namespace ON pg_catalog.pg_namespace.oid = pg_catalog.pg_class.relnamespace 
WHERE pg_catalog.pg_class.relname = $1::VARCHAR AND pg_catalog.pg_class.relkind = ANY (ARRAY[$2::VARCHAR, $3::VARCHAR, $4::VARCHAR, $5::VARCHAR, $6::VARCHAR]) AND pg_catalog.pg_table_is_visible(pg_catalog.pg_class.oid) AND pg_catalog.pg_namespace.nspname != $7::VARCHAR
2025-09-18 11:22:39 - sqlalchemy.engine.Engine - INFO - [cached since 0.005725s ago] ('tickets', 'r', 'p', 'f', 'v', 'm', 'pg_catalog')
2025-09-18 11:22:39 - sqlalchemy.engine.Engine - INFO - SELECT pg_catalog.pg_type.typname 
FROM pg_catalog.pg_type JOIN pg_catalog.pg_namespace ON pg_catalog.pg_namespace.oid = pg_catalog.pg_type.typnamespace 
WHERE pg_catalog.pg_type.typname = $1::VARCHAR AND pg_catalog.pg_type_is_visible(pg_catalog.pg_type.oid) AND pg_catalog.pg_namespace.nspname != $2::VARCHAR
2025-09-18 11:22:39 - sqlalchemy.engine.Engine - INFO - [generated in 0.00010s] ('userrole', 'pg_catalog')
2025-09-18 11:22:39 - sqlalchemy.engine.Engine - INFO - SELECT pg_catalog.pg_type.typname 
FROM pg_catalog.pg_type JOIN pg_catalog.pg_namespace ON pg_catalog.pg_namespace.oid = pg_catalog.pg_type.typnamespace 
WHERE pg_catalog.pg_type.typname = $1::VARCHAR AND pg_catalog.pg_type_is_visible(pg_catalog.pg_type.oid) AND pg_catalog.pg_namespace.nspname != $2::VARCHAR
2025-09-18 11:22:39 - sqlalchemy.engine.Engine - INFO - [cached since 0.001839s ago] ('ticketstatus', 'pg_catalog')
2025-09-18 11:22:39 - sqlalchemy.engine.Engine - INFO - COMMIT
2025-09-18 11:22:39 - app - INFO - App running...
2025-09-18 11:22:42 - sqlalchemy.engine.Engine - INFO - BEGIN (implicit)
2025-09-18 11:22:42 - sqlalchemy.engine.Engine - INFO - SELECT users.id, users.created_at, users.updated_at, users.is_deleted, users.name, users.email, users.wallet_address, users.role 
FROM users 
WHERE users.wallet_address = $1::VARCHAR
2025-09-18 11:22:42 - sqlalchemy.engine.Engine - INFO - [generated in 0.00036s] ('string',)
2025-09-18 11:22:43 - sqlalchemy.engine.Engine - INFO - ROLLBACK
2025-09-18 11:22:43 - app - INFO - Shutting down application...
2025-09-18 11:22:44 - app - INFO - Application TicketIO v0.0.1 initialized
2025-09-18 11:22:44 - asyncio - DEBUG - Using selector: KqueueSelector
2025-09-18 11:22:44 - app - INFO - Starting application...
2025-09-18 11:22:44 - sqlalchemy.engine.Engine - INFO - select pg_catalog.version()
2025-09-18 11:22:44 - sqlalchemy.engine.Engine - INFO - [raw sql] ()
2025-09-18 11:22:44 - sqlalchemy.engine.Engine - INFO - select current_schema()
2025-09-18 11:22:44 - sqlalchemy.engine.Engine - INFO - [raw sql] ()
2025-09-18 11:22:44 - sqlalchemy.engine.Engine - INFO - show standard_conforming_strings
2025-09-18 11:22:44 - sqlalchemy.engine.Engine - INFO - [raw sql] ()
2025-09-18 11:22:44 - sqlalchemy.engine.Engine - INFO - BEGIN (implicit)
2025-09-18 11:22:44 - sqlalchemy.engine.Engine - INFO - SELECT pg_catalog.pg_class.relname 
FROM pg_catalog.pg_class JOIN pg_catalog.pg_namespace ON pg_catalog.pg_namespace.oid = pg_catalog.pg_class.relnamespace 
WHERE pg_catalog.pg_class.relname = $1::VARCHAR AND pg_catalog.pg_class.relkind = ANY (ARRAY[$2::VARCHAR, $3::VARCHAR, $4::VARCHAR, $5::VARCHAR, $6::VARCHAR]) AND pg_catalog.pg_table_is_visible(pg_catalog.pg_class.oid) AND pg_catalog.pg_namespace.nspname != $7::VARCHAR
2025-09-18 11:22:44 - sqlalchemy.engine.Engine - INFO - [generated in 0.00014s] ('users', 'r', 'p', 'f', 'v', 'm', 'pg_catalog')
2025-09-18 11:22:44 - sqlalchemy.engine.Engine - INFO - SELECT pg_catalog.pg_class.relname 
FROM pg_catalog.pg_class JOIN pg_catalog.pg_namespace ON pg_catalog.pg_namespace.oid = pg_catalog.pg_class.relnamespace 
WHERE pg_catalog.pg_class.relname = $1::VARCHAR AND pg_catalog.pg_class.relkind = ANY (ARRAY[$2::VARCHAR, $3::VARCHAR, $4::VARCHAR, $5::VARCHAR, $6::VARCHAR]) AND pg_catalog.pg_table_is_visible(pg_catalog.pg_class.oid) AND pg_catalog.pg_namespace.nspname != $7::VARCHAR
2025-09-18 11:22:44 - sqlalchemy.engine.Engine - INFO - [cached since 0.003301s ago] ('events', 'r', 'p', 'f', 'v', 'm', 'pg_catalog')
2025-09-18 11:22:44 - sqlalchemy.engine.Engine - INFO - SELECT pg_catalog.pg_class.relname 
FROM pg_catalog.pg_class JOIN pg_catalog.pg_namespace ON pg_catalog.pg_namespace.oid = pg_catalog.pg_class.relnamespace 
WHERE pg_catalog.pg_class.relname = $1::VARCHAR AND pg_catalog.pg_class.relkind = ANY (ARRAY[$2::VARCHAR, $3::VARCHAR, $4::VARCHAR, $5::VARCHAR, $6::VARCHAR]) AND pg_catalog.pg_table_is_visible(pg_catalog.pg_class.oid) AND pg_catalog.pg_namespace.nspname != $7::VARCHAR
2025-09-18 11:22:44 - sqlalchemy.engine.Engine - INFO - [cached since 0.00391s ago] ('tickets', 'r', 'p', 'f', 'v', 'm', 'pg_catalog')
2025-09-18 11:22:44 - sqlalchemy.engine.Engine - INFO - SELECT pg_catalog.pg_type.typname 
FROM pg_catalog.pg_type JOIN pg_catalog.pg_namespace ON pg_catalog.pg_namespace.oid = pg_catalog.pg_type.typnamespace 
WHERE pg_catalog.pg_type.typname = $1::VARCHAR AND pg_catalog.pg_type_is_visible(pg_catalog.pg_type.oid) AND pg_catalog.pg_namespace.nspname != $2::VARCHAR
2025-09-18 11:22:44 - sqlalchemy.engine.Engine - INFO - [generated in 0.00008s] ('userrole', 'pg_catalog')
2025-09-18 11:22:44 - sqlalchemy.engine.Engine - INFO - SELECT pg_catalog.pg_type.typname 
FROM pg_catalog.pg_type JOIN pg_catalog.pg_namespace ON pg_catalog.pg_namespace.oid = pg_catalog.pg_type.typnamespace 
WHERE pg_catalog.pg_type.typname = $1::VARCHAR AND pg_catalog.pg_type_is_visible(pg_catalog.pg_type.oid) AND pg_catalog.pg_namespace.nspname != $2::VARCHAR
2025-09-18 11:22:44 - sqlalchemy.engine.Engine - INFO - [cached since 0.002134s ago] ('ticketstatus', 'pg_catalog')
2025-09-18 11:22:44 - sqlalchemy.engine.Engine - INFO - COMMIT
2025-09-18 11:22:44 - app - INFO - App running...
2025-09-18 11:22:56 - app - INFO - Shutting down application...
2025-09-18 11:22:57 - app - INFO - Application TicketIO v0.0.1 initialized
2025-09-18 11:22:57 - asyncio - DEBUG - Using selector: KqueueSelector
2025-09-18 11:22:57 - app - INFO - Starting application...
2025-09-18 11:22:57 - sqlalchemy.engine.Engine - INFO - select pg_catalog.version()
2025-09-18 11:22:57 - sqlalchemy.engine.Engine - INFO - [raw sql] ()
2025-09-18 11:22:57 - sqlalchemy.engine.Engine - INFO - select current_schema()
2025-09-18 11:22:57 - sqlalchemy.engine.Engine - INFO - [raw sql] ()
2025-09-18 11:22:57 - sqlalchemy.engine.Engine - INFO - show standard_conforming_strings
2025-09-18 11:22:57 - sqlalchemy.engine.Engine - INFO - [raw sql] ()
2025-09-18 11:22:57 - sqlalchemy.engine.Engine - INFO - BEGIN (implicit)
2025-09-18 11:22:57 - sqlalchemy.engine.Engine - INFO - SELECT pg_catalog.pg_class.relname 
FROM pg_catalog.pg_class JOIN pg_catalog.pg_namespace ON pg_catalog.pg_namespace.oid = pg_catalog.pg_class.relnamespace 
WHERE pg_catalog.pg_class.relname = $1::VARCHAR AND pg_catalog.pg_class.relkind = ANY (ARRAY[$2::VARCHAR, $3::VARCHAR, $4::VARCHAR, $5::VARCHAR, $6::VARCHAR]) AND pg_catalog.pg_table_is_visible(pg_catalog.pg_class.oid) AND pg_catalog.pg_namespace.nspname != $7::VARCHAR
2025-09-18 11:22:57 - sqlalchemy.engine.Engine - INFO - [generated in 0.00020s] ('users', 'r', 'p', 'f', 'v', 'm', 'pg_catalog')
2025-09-18 11:22:57 - sqlalchemy.engine.Engine - INFO - SELECT pg_catalog.pg_class.relname 
FROM pg_catalog.pg_class JOIN pg_catalog.pg_namespace ON pg_catalog.pg_namespace.oid = pg_catalog.pg_class.relnamespace 
WHERE pg_catalog.pg_class.relname = $1::VARCHAR AND pg_catalog.pg_class.relkind = ANY (ARRAY[$2::VARCHAR, $3::VARCHAR, $4::VARCHAR, $5::VARCHAR, $6::VARCHAR]) AND pg_catalog.pg_table_is_visible(pg_catalog.pg_class.oid) AND pg_catalog.pg_namespace.nspname != $7::VARCHAR
2025-09-18 11:22:57 - sqlalchemy.engine.Engine - INFO - [cached since 0.003161s ago] ('events', 'r', 'p', 'f', 'v', 'm', 'pg_catalog')
2025-09-18 11:22:57 - sqlalchemy.engine.Engine - INFO - SELECT pg_catalog.pg_class.relname 
FROM pg_catalog.pg_class JOIN pg_catalog.pg_namespace ON pg_catalog.pg_namespace.oid = pg_catalog.pg_class.relnamespace 
WHERE pg_catalog.pg_class.relname = $1::VARCHAR AND pg_catalog.pg_class.relkind = ANY (ARRAY[$2::VARCHAR, $3::VARCHAR, $4::VARCHAR, $5::VARCHAR, $6::VARCHAR]) AND pg_catalog.pg_table_is_visible(pg_catalog.pg_class.oid) AND pg_catalog.pg_namespace.nspname != $7::VARCHAR
2025-09-18 11:22:57 - sqlalchemy.engine.Engine - INFO - [cached since 0.004008s ago] ('tickets', 'r', 'p', 'f', 'v', 'm', 'pg_catalog')
2025-09-18 11:22:57 - sqlalchemy.engine.Engine - INFO - SELECT pg_catalog.pg_type.typname 
FROM pg_catalog.pg_type JOIN pg_catalog.pg_namespace ON pg_catalog.pg_namespace.oid = pg_catalog.pg_type.typnamespace 
WHERE pg_catalog.pg_type.typname = $1::VARCHAR AND pg_catalog.pg_type_is_visible(pg_catalog.pg_type.oid) AND pg_catalog.pg_namespace.nspname != $2::VARCHAR
2025-09-18 11:22:57 - sqlalchemy.engine.Engine - INFO - [generated in 0.00010s] ('userrole', 'pg_catalog')
2025-09-18 11:22:57 - sqlalchemy.engine.Engine - INFO - SELECT pg_catalog.pg_type.typname 
FROM pg_catalog.pg_type JOIN pg_catalog.pg_namespace ON pg_catalog.pg_namespace.oid = pg_catalog.pg_type.typnamespace 
WHERE pg_catalog.pg_type.typname = $1::VARCHAR AND pg_catalog.pg_type_is_visible(pg_catalog.pg_type.oid) AND pg_catalog.pg_namespace.nspname != $2::VARCHAR
2025-09-18 11:22:57 - sqlalchemy.engine.Engine - INFO - [cached since 0.001421s ago] ('ticketstatus', 'pg_catalog')
2025-09-18 11:22:57 - sqlalchemy.engine.Engine - INFO - COMMIT
2025-09-18 11:22:57 - app - INFO - App running...
2025-09-18 11:22:58 - app - INFO - Shutting down application...
2025-09-18 11:23:40 - app - INFO - Application TicketIO v0.0.1 initialized
2025-09-18 11:23:49 - app - INFO - Application TicketIO v0.0.1 initialized
2025-09-18 11:23:49 - app - INFO - Application TicketIO v0.0.1 initialized
2025-09-18 11:23:49 - asyncio - DEBUG - Using selector: KqueueSelector
2025-09-18 11:23:49 - app - INFO - Starting application...
2025-09-18 11:23:49 - sqlalchemy.engine.Engine - INFO - select pg_catalog.version()
2025-09-18 11:23:49 - sqlalchemy.engine.Engine - INFO - [raw sql] ()
2025-09-18 11:23:49 - sqlalchemy.engine.Engine - INFO - select current_schema()
2025-09-18 11:23:49 - sqlalchemy.engine.Engine - INFO - [raw sql] ()
2025-09-18 11:23:49 - sqlalchemy.engine.Engine - INFO - show standard_conforming_strings
2025-09-18 11:23:49 - sqlalchemy.engine.Engine - INFO - [raw sql] ()
2025-09-18 11:23:49 - sqlalchemy.engine.Engine - INFO - BEGIN (implicit)
2025-09-18 11:23:49 - sqlalchemy.engine.Engine - INFO - SELECT pg_catalog.pg_class.relname 
FROM pg_catalog.pg_class JOIN pg_catalog.pg_namespace ON pg_catalog.pg_namespace.oid = pg_catalog.pg_class.relnamespace 
WHERE pg_catalog.pg_class.relname = $1::VARCHAR AND pg_catalog.pg_class.relkind = ANY (ARRAY[$2::VARCHAR, $3::VARCHAR, $4::VARCHAR, $5::VARCHAR, $6::VARCHAR]) AND pg_catalog.pg_table_is_visible(pg_catalog.pg_class.oid) AND pg_catalog.pg_namespace.nspname != $7::VARCHAR
2025-09-18 11:23:49 - sqlalchemy.engine.Engine - INFO - [generated in 0.00014s] ('users', 'r', 'p', 'f', 'v', 'm', 'pg_catalog')
2025-09-18 11:23:49 - sqlalchemy.engine.Engine - INFO - SELECT pg_catalog.pg_class.relname 
FROM pg_catalog.pg_class JOIN pg_catalog.pg_namespace ON pg_catalog.pg_namespace.oid = pg_catalog.pg_class.relnamespace 
WHERE pg_catalog.pg_class.relname = $1::VARCHAR AND pg_catalog.pg_class.relkind = ANY (ARRAY[$2::VARCHAR, $3::VARCHAR, $4::VARCHAR, $5::VARCHAR, $6::VARCHAR]) AND pg_catalog.pg_table_is_visible(pg_catalog.pg_class.oid) AND pg_catalog.pg_namespace.nspname != $7::VARCHAR
2025-09-18 11:23:49 - sqlalchemy.engine.Engine - INFO - [cached since 0.004146s ago] ('events', 'r', 'p', 'f', 'v', 'm', 'pg_catalog')
2025-09-18 11:23:49 - sqlalchemy.engine.Engine - INFO - SELECT pg_catalog.pg_class.relname 
FROM pg_catalog.pg_class JOIN pg_catalog.pg_namespace ON pg_catalog.pg_namespace.oid = pg_catalog.pg_class.relnamespace 
WHERE pg_catalog.pg_class.relname = $1::VARCHAR AND pg_catalog.pg_class.relkind = ANY (ARRAY[$2::VARCHAR, $3::VARCHAR, $4::VARCHAR, $5::VARCHAR, $6::VARCHAR]) AND pg_catalog.pg_table_is_visible(pg_catalog.pg_class.oid) AND pg_catalog.pg_namespace.nspname != $7::VARCHAR
2025-09-18 11:23:49 - sqlalchemy.engine.Engine - INFO - [cached since 0.006959s ago] ('tickets', 'r', 'p', 'f', 'v', 'm', 'pg_catalog')
2025-09-18 11:23:49 - sqlalchemy.engine.Engine - INFO - SELECT pg_catalog.pg_type.typname 
FROM pg_catalog.pg_type JOIN pg_catalog.pg_namespace ON pg_catalog.pg_namespace.oid = pg_catalog.pg_type.typnamespace 
WHERE pg_catalog.pg_type.typname = $1::VARCHAR AND pg_catalog.pg_type_is_visible(pg_catalog.pg_type.oid) AND pg_catalog.pg_namespace.nspname != $2::VARCHAR
2025-09-18 11:23:49 - sqlalchemy.engine.Engine - INFO - [generated in 0.00012s] ('userrole', 'pg_catalog')
2025-09-18 11:23:49 - sqlalchemy.engine.Engine - INFO - SELECT pg_catalog.pg_type.typname 
FROM pg_catalog.pg_type JOIN pg_catalog.pg_namespace ON pg_catalog.pg_namespace.oid = pg_catalog.pg_type.typnamespace 
WHERE pg_catalog.pg_type.typname = $1::VARCHAR AND pg_catalog.pg_type_is_visible(pg_catalog.pg_type.oid) AND pg_catalog.pg_namespace.nspname != $2::VARCHAR
2025-09-18 11:23:49 - sqlalchemy.engine.Engine - INFO - [cached since 0.002584s ago] ('ticketstatus', 'pg_catalog')
2025-09-18 11:23:49 - sqlalchemy.engine.Engine - INFO - COMMIT
2025-09-18 11:23:49 - app - INFO - App running...
2025-09-18 11:23:59 - sqlalchemy.engine.Engine - INFO - BEGIN (implicit)
2025-09-18 11:23:59 - sqlalchemy.engine.Engine - INFO - SELECT users.id, users.created_at, users.updated_at, users.is_deleted, users.name, users.email, users.wallet_address, users.role 
FROM users 
WHERE users.wallet_address = $1::VARCHAR
2025-09-18 11:23:59 - sqlalchemy.engine.Engine - INFO - [generated in 0.00021s] ('string',)
2025-09-18 11:23:59 - sqlalchemy.engine.Engine - INFO - INSERT INTO users (id, created_at, updated_at, is_deleted, name, email, wallet_address, role) VALUES ($1::VARCHAR, $2::TIMESTAMP WITHOUT TIME ZONE, $3::TIMESTAMP WITHOUT TIME ZONE, $4::BOOLEAN, $5::VARCHAR, $6::VARCHAR, $7::VARCHAR, $8::userrole)
2025-09-18 11:23:59 - sqlalchemy.engine.Engine - INFO - [generated in 0.00022s] ('49b30db6-a0d0-44e3-9219-bac538bbd9bb', datetime.datetime(2025, 9, 18, 10, 23, 59, 788443, tzinfo=datetime.timezone.utc), None, False, 'string', 'user@example.com', 'string', 'ORGANIZER')
2025-09-18 11:23:59 - sqlalchemy.engine.Engine - INFO - ROLLBACK
2025-09-18 11:24:39 - app - INFO - Shutting down application...
2025-09-18 11:25:48 - app - INFO - Application TicketIO v0.0.1 initialized
2025-09-18 11:25:49 - app - INFO - Application TicketIO v0.0.1 initialized
2025-09-18 11:25:49 - asyncio - DEBUG - Using selector: KqueueSelector
2025-09-18 11:25:49 - app - INFO - Starting application...
2025-09-18 11:25:49 - sqlalchemy.engine.Engine - INFO - select pg_catalog.version()
2025-09-18 11:25:49 - sqlalchemy.engine.Engine - INFO - [raw sql] ()
2025-09-18 11:25:49 - sqlalchemy.engine.Engine - INFO - select current_schema()
2025-09-18 11:25:49 - sqlalchemy.engine.Engine - INFO - [raw sql] ()
2025-09-18 11:25:49 - sqlalchemy.engine.Engine - INFO - show standard_conforming_strings
2025-09-18 11:25:49 - sqlalchemy.engine.Engine - INFO - [raw sql] ()
2025-09-18 11:25:49 - sqlalchemy.engine.Engine - INFO - BEGIN (implicit)
2025-09-18 11:25:49 - sqlalchemy.engine.Engine - INFO - SELECT pg_catalog.pg_class.relname 
FROM pg_catalog.pg_class JOIN pg_catalog.pg_namespace ON pg_catalog.pg_namespace.oid = pg_catalog.pg_class.relnamespace 
WHERE pg_catalog.pg_class.relname = $1::VARCHAR AND pg_catalog.pg_class.relkind = ANY (ARRAY[$2::VARCHAR, $3::VARCHAR, $4::VARCHAR, $5::VARCHAR, $6::VARCHAR]) AND pg_catalog.pg_table_is_visible(pg_catalog.pg_class.oid) AND pg_catalog.pg_namespace.nspname != $7::VARCHAR
2025-09-18 11:25:49 - sqlalchemy.engine.Engine - INFO - [generated in 0.00012s] ('users', 'r', 'p', 'f', 'v', 'm', 'pg_catalog')
2025-09-18 11:25:49 - sqlalchemy.engine.Engine - INFO - SELECT pg_catalog.pg_class.relname 
FROM pg_catalog.pg_class JOIN pg_catalog.pg_namespace ON pg_catalog.pg_namespace.oid = pg_catalog.pg_class.relnamespace 
WHERE pg_catalog.pg_class.relname = $1::VARCHAR AND pg_catalog.pg_class.relkind = ANY (ARRAY[$2::VARCHAR, $3::VARCHAR, $4::VARCHAR, $5::VARCHAR, $6::VARCHAR]) AND pg_catalog.pg_table_is_visible(pg_catalog.pg_class.oid) AND pg_catalog.pg_namespace.nspname != $7::VARCHAR
2025-09-18 11:25:49 - sqlalchemy.engine.Engine - INFO - [cached since 0.002554s ago] ('events', 'r', 'p', 'f', 'v', 'm', 'pg_catalog')
2025-09-18 11:25:49 - sqlalchemy.engine.Engine - INFO - SELECT pg_catalog.pg_class.relname 
FROM pg_catalog.pg_class JOIN pg_catalog.pg_namespace ON pg_catalog.pg_namespace.oid = pg_catalog.pg_class.relnamespace 
WHERE pg_catalog.pg_class.relname = $1::VARCHAR AND pg_catalog.pg_class.relkind = ANY (ARRAY[$2::VARCHAR, $3::VARCHAR, $4::VARCHAR, $5::VARCHAR, $6::VARCHAR]) AND pg_catalog.pg_table_is_visible(pg_catalog.pg_class.oid) AND pg_catalog.pg_namespace.nspname != $7::VARCHAR
2025-09-18 11:25:49 - sqlalchemy.engine.Engine - INFO - [cached since 0.00358s ago] ('tickets', 'r', 'p', 'f', 'v', 'm', 'pg_catalog')
2025-09-18 11:25:49 - sqlalchemy.engine.Engine - INFO - SELECT pg_catalog.pg_type.typname 
FROM pg_catalog.pg_type JOIN pg_catalog.pg_namespace ON pg_catalog.pg_namespace.oid = pg_catalog.pg_type.typnamespace 
WHERE pg_catalog.pg_type.typname = $1::VARCHAR AND pg_catalog.pg_type_is_visible(pg_catalog.pg_type.oid) AND pg_catalog.pg_namespace.nspname != $2::VARCHAR
2025-09-18 11:25:49 - sqlalchemy.engine.Engine - INFO - [generated in 0.00015s] ('userrole', 'pg_catalog')
2025-09-18 11:25:49 - sqlalchemy.engine.Engine - INFO - SELECT pg_catalog.pg_type.typname 
FROM pg_catalog.pg_type JOIN pg_catalog.pg_namespace ON pg_catalog.pg_namespace.oid = pg_catalog.pg_type.typnamespace 
WHERE pg_catalog.pg_type.typname = $1::VARCHAR AND pg_catalog.pg_type_is_visible(pg_catalog.pg_type.oid) AND pg_catalog.pg_namespace.nspname != $2::VARCHAR
2025-09-18 11:25:49 - sqlalchemy.engine.Engine - INFO - [cached since 0.002328s ago] ('ticketstatus', 'pg_catalog')
2025-09-18 11:25:49 - sqlalchemy.engine.Engine - INFO - COMMIT
2025-09-18 11:25:49 - app - INFO - App running...
2025-09-18 11:25:54 - sqlalchemy.engine.Engine - INFO - BEGIN (implicit)
2025-09-18 11:25:54 - sqlalchemy.engine.Engine - INFO - SELECT users.id, users.created_at, users.updated_at, users.is_deleted, users.name, users.email, users.wallet_address, users.role 
FROM users 
WHERE users.wallet_address = $1::VARCHAR
2025-09-18 11:25:54 - sqlalchemy.engine.Engine - INFO - [generated in 0.00080s] ('string',)
2025-09-18 11:25:54 - sqlalchemy.engine.Engine - INFO - INSERT INTO users (id, created_at, updated_at, is_deleted, name, email, wallet_address, role) VALUES ($1::VARCHAR, $2::TIMESTAMP WITHOUT TIME ZONE, $3::TIMESTAMP WITHOUT TIME ZONE, $4::BOOLEAN, $5::VARCHAR, $6::VARCHAR, $7::VARCHAR, $8::userrole)
2025-09-18 11:25:54 - sqlalchemy.engine.Engine - INFO - [generated in 0.00052s] ('5a68e7db-9727-40b1-bbca-aa9dda6589f9', datetime.datetime(2025, 9, 18, 10, 25, 54, 522831, tzinfo=datetime.timezone.utc), None, False, 'string', 'user@example.com', 'string', 'ORGANIZER')
2025-09-18 11:25:54 - sqlalchemy.engine.Engine - INFO - ROLLBACK
2025-09-18 11:50:03 - app - INFO - Shutting down application...
2025-09-18 11:50:50 - app - INFO - Application TicketIO v0.0.1 initialized
2025-09-18 11:50:51 - app - INFO - Application TicketIO v0.0.1 initialized
2025-09-18 11:50:51 - asyncio - DEBUG - Using selector: KqueueSelector
2025-09-18 11:50:51 - app - INFO - Starting application...
2025-09-18 11:50:51 - sqlalchemy.engine.Engine - INFO - select pg_catalog.version()
2025-09-18 11:50:51 - sqlalchemy.engine.Engine - INFO - [raw sql] ()
2025-09-18 11:50:51 - sqlalchemy.engine.Engine - INFO - select current_schema()
2025-09-18 11:50:51 - sqlalchemy.engine.Engine - INFO - [raw sql] ()
2025-09-18 11:50:51 - sqlalchemy.engine.Engine - INFO - show standard_conforming_strings
2025-09-18 11:50:51 - sqlalchemy.engine.Engine - INFO - [raw sql] ()
2025-09-18 11:50:51 - sqlalchemy.engine.Engine - INFO - BEGIN (implicit)
2025-09-18 11:50:51 - sqlalchemy.engine.Engine - INFO - SELECT pg_catalog.pg_class.relname 
FROM pg_catalog.pg_class JOIN pg_catalog.pg_namespace ON pg_catalog.pg_namespace.oid = pg_catalog.pg_class.relnamespace 
WHERE pg_catalog.pg_class.relname = $1::VARCHAR AND pg_catalog.pg_class.relkind = ANY (ARRAY[$2::VARCHAR, $3::VARCHAR, $4::VARCHAR, $5::VARCHAR, $6::VARCHAR]) AND pg_catalog.pg_table_is_visible(pg_catalog.pg_class.oid) AND pg_catalog.pg_namespace.nspname != $7::VARCHAR
2025-09-18 11:50:51 - sqlalchemy.engine.Engine - INFO - [generated in 0.00029s] ('users', 'r', 'p', 'f', 'v', 'm', 'pg_catalog')
2025-09-18 11:50:51 - sqlalchemy.engine.Engine - INFO - SELECT pg_catalog.pg_class.relname 
FROM pg_catalog.pg_class JOIN pg_catalog.pg_namespace ON pg_catalog.pg_namespace.oid = pg_catalog.pg_class.relnamespace 
WHERE pg_catalog.pg_class.relname = $1::VARCHAR AND pg_catalog.pg_class.relkind = ANY (ARRAY[$2::VARCHAR, $3::VARCHAR, $4::VARCHAR, $5::VARCHAR, $6::VARCHAR]) AND pg_catalog.pg_table_is_visible(pg_catalog.pg_class.oid) AND pg_catalog.pg_namespace.nspname != $7::VARCHAR
2025-09-18 11:50:51 - sqlalchemy.engine.Engine - INFO - [cached since 0.009103s ago] ('events', 'r', 'p', 'f', 'v', 'm', 'pg_catalog')
2025-09-18 11:50:51 - sqlalchemy.engine.Engine - INFO - SELECT pg_catalog.pg_class.relname 
FROM pg_catalog.pg_class JOIN pg_catalog.pg_namespace ON pg_catalog.pg_namespace.oid = pg_catalog.pg_class.relnamespace 
WHERE pg_catalog.pg_class.relname = $1::VARCHAR AND pg_catalog.pg_class.relkind = ANY (ARRAY[$2::VARCHAR, $3::VARCHAR, $4::VARCHAR, $5::VARCHAR, $6::VARCHAR]) AND pg_catalog.pg_table_is_visible(pg_catalog.pg_class.oid) AND pg_catalog.pg_namespace.nspname != $7::VARCHAR
2025-09-18 11:50:51 - sqlalchemy.engine.Engine - INFO - [cached since 0.009916s ago] ('tickets', 'r', 'p', 'f', 'v', 'm', 'pg_catalog')
2025-09-18 11:50:51 - sqlalchemy.engine.Engine - INFO - SELECT pg_catalog.pg_type.typname 
FROM pg_catalog.pg_type JOIN pg_catalog.pg_namespace ON pg_catalog.pg_namespace.oid = pg_catalog.pg_type.typnamespace 
WHERE pg_catalog.pg_type.typname = $1::VARCHAR AND pg_catalog.pg_type_is_visible(pg_catalog.pg_type.oid) AND pg_catalog.pg_namespace.nspname != $2::VARCHAR
2025-09-18 11:50:51 - sqlalchemy.engine.Engine - INFO - [generated in 0.00014s] ('userrole', 'pg_catalog')
2025-09-18 11:50:51 - sqlalchemy.engine.Engine - INFO - SELECT pg_catalog.pg_type.typname 
FROM pg_catalog.pg_type JOIN pg_catalog.pg_namespace ON pg_catalog.pg_namespace.oid = pg_catalog.pg_type.typnamespace 
WHERE pg_catalog.pg_type.typname = $1::VARCHAR AND pg_catalog.pg_type_is_visible(pg_catalog.pg_type.oid) AND pg_catalog.pg_namespace.nspname != $2::VARCHAR
2025-09-18 11:50:51 - sqlalchemy.engine.Engine - INFO - [cached since 0.001892s ago] ('ticketstatus', 'pg_catalog')
2025-09-18 11:50:51 - sqlalchemy.engine.Engine - INFO - COMMIT
2025-09-18 11:50:51 - app - INFO - App running...
2025-09-18 11:50:55 - sqlalchemy.engine.Engine - INFO - BEGIN (implicit)
2025-09-18 11:50:55 - sqlalchemy.engine.Engine - INFO - SELECT users.id, users.created_at, users.updated_at, users.is_deleted, users.name, users.email, users.wallet_address, users.role 
FROM users 
WHERE users.wallet_address = $1::VARCHAR
2025-09-18 11:50:55 - sqlalchemy.engine.Engine - INFO - [generated in 0.00027s] ('string',)
2025-09-18 11:50:55 - sqlalchemy.engine.Engine - INFO - INSERT INTO users (id, created_at, updated_at, is_deleted, name, email, wallet_address, role) VALUES ($1::VARCHAR, $2::TIMESTAMP WITHOUT TIME ZONE, $3::TIMESTAMP WITHOUT TIME ZONE, $4::BOOLEAN, $5::VARCHAR, $6::VARCHAR, $7::VARCHAR, $8::userrole)
2025-09-18 11:50:55 - sqlalchemy.engine.Engine - INFO - [generated in 0.00021s] ('2cd568f0-5699-4ff7-9d02-dca9d73656a7', datetime.datetime(2025, 9, 18, 10, 50, 50, 849584, tzinfo=datetime.timezone.utc), None, False, 'string', 'user@example.com', 'string', 'ORGANIZER')
2025-09-18 11:50:55 - sqlalchemy.engine.Engine - INFO - ROLLBACK
2025-09-18 11:50:58 - app - INFO - Shutting down application...
2025-09-18 11:52:40 - app - INFO - Application TicketIO v0.0.1 initialized
2025-09-18 11:52:41 - app - INFO - Application TicketIO v0.0.1 initialized
2025-09-18 11:52:41 - asyncio - DEBUG - Using selector: KqueueSelector
2025-09-18 11:52:41 - app - INFO - Starting application...
2025-09-18 11:52:41 - sqlalchemy.engine.Engine - INFO - select pg_catalog.version()
2025-09-18 11:52:41 - sqlalchemy.engine.Engine - INFO - [raw sql] ()
2025-09-18 11:52:41 - sqlalchemy.engine.Engine - INFO - select current_schema()
2025-09-18 11:52:41 - sqlalchemy.engine.Engine - INFO - [raw sql] ()
2025-09-18 11:52:41 - sqlalchemy.engine.Engine - INFO - show standard_conforming_strings
2025-09-18 11:52:41 - sqlalchemy.engine.Engine - INFO - [raw sql] ()
2025-09-18 11:52:41 - sqlalchemy.engine.Engine - INFO - BEGIN (implicit)
2025-09-18 11:52:41 - sqlalchemy.engine.Engine - INFO - SELECT pg_catalog.pg_class.relname 
FROM pg_catalog.pg_class JOIN pg_catalog.pg_namespace ON pg_catalog.pg_namespace.oid = pg_catalog.pg_class.relnamespace 
WHERE pg_catalog.pg_class.relname = $1::VARCHAR AND pg_catalog.pg_class.relkind = ANY (ARRAY[$2::VARCHAR, $3::VARCHAR, $4::VARCHAR, $5::VARCHAR, $6::VARCHAR]) AND pg_catalog.pg_table_is_visible(pg_catalog.pg_class.oid) AND pg_catalog.pg_namespace.nspname != $7::VARCHAR
2025-09-18 11:52:41 - sqlalchemy.engine.Engine - INFO - [generated in 0.00016s] ('users', 'r', 'p', 'f', 'v', 'm', 'pg_catalog')
2025-09-18 11:52:41 - sqlalchemy.engine.Engine - INFO - SELECT pg_catalog.pg_class.relname 
FROM pg_catalog.pg_class JOIN pg_catalog.pg_namespace ON pg_catalog.pg_namespace.oid = pg_catalog.pg_class.relnamespace 
WHERE pg_catalog.pg_class.relname = $1::VARCHAR AND pg_catalog.pg_class.relkind = ANY (ARRAY[$2::VARCHAR, $3::VARCHAR, $4::VARCHAR, $5::VARCHAR, $6::VARCHAR]) AND pg_catalog.pg_table_is_visible(pg_catalog.pg_class.oid) AND pg_catalog.pg_namespace.nspname != $7::VARCHAR
2025-09-18 11:52:41 - sqlalchemy.engine.Engine - INFO - [cached since 0.004012s ago] ('events', 'r', 'p', 'f', 'v', 'm', 'pg_catalog')
2025-09-18 11:52:41 - sqlalchemy.engine.Engine - INFO - SELECT pg_catalog.pg_class.relname 
FROM pg_catalog.pg_class JOIN pg_catalog.pg_namespace ON pg_catalog.pg_namespace.oid = pg_catalog.pg_class.relnamespace 
WHERE pg_catalog.pg_class.relname = $1::VARCHAR AND pg_catalog.pg_class.relkind = ANY (ARRAY[$2::VARCHAR, $3::VARCHAR, $4::VARCHAR, $5::VARCHAR, $6::VARCHAR]) AND pg_catalog.pg_table_is_visible(pg_catalog.pg_class.oid) AND pg_catalog.pg_namespace.nspname != $7::VARCHAR
2025-09-18 11:52:41 - sqlalchemy.engine.Engine - INFO - [cached since 0.005054s ago] ('tickets', 'r', 'p', 'f', 'v', 'm', 'pg_catalog')
2025-09-18 11:52:41 - sqlalchemy.engine.Engine - INFO - SELECT pg_catalog.pg_type.typname 
FROM pg_catalog.pg_type JOIN pg_catalog.pg_namespace ON pg_catalog.pg_namespace.oid = pg_catalog.pg_type.typnamespace 
WHERE pg_catalog.pg_type.typname = $1::VARCHAR AND pg_catalog.pg_type_is_visible(pg_catalog.pg_type.oid) AND pg_catalog.pg_namespace.nspname != $2::VARCHAR
2025-09-18 11:52:41 - sqlalchemy.engine.Engine - INFO - [generated in 0.00011s] ('userrole', 'pg_catalog')
2025-09-18 11:52:41 - sqlalchemy.engine.Engine - INFO - SELECT pg_catalog.pg_type.typname 
FROM pg_catalog.pg_type JOIN pg_catalog.pg_namespace ON pg_catalog.pg_namespace.oid = pg_catalog.pg_type.typnamespace 
WHERE pg_catalog.pg_type.typname = $1::VARCHAR AND pg_catalog.pg_type_is_visible(pg_catalog.pg_type.oid) AND pg_catalog.pg_namespace.nspname != $2::VARCHAR
2025-09-18 11:52:41 - sqlalchemy.engine.Engine - INFO - [cached since 0.001398s ago] ('ticketstatus', 'pg_catalog')
2025-09-18 11:52:41 - sqlalchemy.engine.Engine - INFO - COMMIT
2025-09-18 11:52:41 - app - INFO - App running...
2025-09-18 11:52:45 - sqlalchemy.engine.Engine - INFO - BEGIN (implicit)
2025-09-18 11:52:45 - sqlalchemy.engine.Engine - INFO - SELECT users.id, users.created_at, users.updated_at, users.is_deleted, users.name, users.email, users.wallet_address, users.role 
FROM users 
WHERE users.wallet_address = $1::VARCHAR
2025-09-18 11:52:45 - sqlalchemy.engine.Engine - INFO - [generated in 0.00021s] ('string',)
2025-09-18 11:52:45 - sqlalchemy.engine.Engine - INFO - INSERT INTO users (id, created_at, updated_at, is_deleted, name, email, wallet_address, role) VALUES ($1::VARCHAR, $2::TIMESTAMP WITHOUT TIME ZONE, $3::TIMESTAMP WITHOUT TIME ZONE, $4::BOOLEAN, $5::VARCHAR, $6::VARCHAR, $7::VARCHAR, $8::userrole)
2025-09-18 11:52:45 - sqlalchemy.engine.Engine - INFO - [generated in 0.00017s] ('1d035b02-17f5-498a-b10f-037ea6beb8b0', datetime.datetime(2025, 9, 18, 10, 52, 45, 188085, tzinfo=datetime.timezone.utc), None, False, 'string', 'user@example.com', 'string', 'ORGANIZER')
2025-09-18 11:52:45 - sqlalchemy.engine.Engine - INFO - ROLLBACK
2025-09-18 11:53:34 - app - INFO - Shutting down application...
2025-09-18 11:54:30 - app - INFO - Application TicketIO v0.0.1 initialized
2025-09-18 11:54:30 - app - INFO - Application TicketIO v0.0.1 initialized
2025-09-18 11:54:30 - asyncio - DEBUG - Using selector: KqueueSelector
2025-09-18 11:54:30 - app - INFO - Starting application...
2025-09-18 11:54:30 - sqlalchemy.engine.Engine - INFO - select pg_catalog.version()
2025-09-18 11:54:30 - sqlalchemy.engine.Engine - INFO - [raw sql] ()
2025-09-18 11:54:30 - sqlalchemy.engine.Engine - INFO - select current_schema()
2025-09-18 11:54:30 - sqlalchemy.engine.Engine - INFO - [raw sql] ()
2025-09-18 11:54:30 - sqlalchemy.engine.Engine - INFO - show standard_conforming_strings
2025-09-18 11:54:30 - sqlalchemy.engine.Engine - INFO - [raw sql] ()
2025-09-18 11:54:30 - sqlalchemy.engine.Engine - INFO - BEGIN (implicit)
2025-09-18 11:54:30 - sqlalchemy.engine.Engine - INFO - SELECT pg_catalog.pg_class.relname 
FROM pg_catalog.pg_class JOIN pg_catalog.pg_namespace ON pg_catalog.pg_namespace.oid = pg_catalog.pg_class.relnamespace 
WHERE pg_catalog.pg_class.relname = $1::VARCHAR AND pg_catalog.pg_class.relkind = ANY (ARRAY[$2::VARCHAR, $3::VARCHAR, $4::VARCHAR, $5::VARCHAR, $6::VARCHAR]) AND pg_catalog.pg_table_is_visible(pg_catalog.pg_class.oid) AND pg_catalog.pg_namespace.nspname != $7::VARCHAR
2025-09-18 11:54:30 - sqlalchemy.engine.Engine - INFO - [generated in 0.00014s] ('users', 'r', 'p', 'f', 'v', 'm', 'pg_catalog')
2025-09-18 11:54:30 - sqlalchemy.engine.Engine - INFO - SELECT pg_catalog.pg_class.relname 
FROM pg_catalog.pg_class JOIN pg_catalog.pg_namespace ON pg_catalog.pg_namespace.oid = pg_catalog.pg_class.relnamespace 
WHERE pg_catalog.pg_class.relname = $1::VARCHAR AND pg_catalog.pg_class.relkind = ANY (ARRAY[$2::VARCHAR, $3::VARCHAR, $4::VARCHAR, $5::VARCHAR, $6::VARCHAR]) AND pg_catalog.pg_table_is_visible(pg_catalog.pg_class.oid) AND pg_catalog.pg_namespace.nspname != $7::VARCHAR
2025-09-18 11:54:30 - sqlalchemy.engine.Engine - INFO - [cached since 0.003302s ago] ('events', 'r', 'p', 'f', 'v', 'm', 'pg_catalog')
2025-09-18 11:54:30 - sqlalchemy.engine.Engine - INFO - SELECT pg_catalog.pg_class.relname 
FROM pg_catalog.pg_class JOIN pg_catalog.pg_namespace ON pg_catalog.pg_namespace.oid = pg_catalog.pg_class.relnamespace 
WHERE pg_catalog.pg_class.relname = $1::VARCHAR AND pg_catalog.pg_class.relkind = ANY (ARRAY[$2::VARCHAR, $3::VARCHAR, $4::VARCHAR, $5::VARCHAR, $6::VARCHAR]) AND pg_catalog.pg_table_is_visible(pg_catalog.pg_class.oid) AND pg_catalog.pg_namespace.nspname != $7::VARCHAR
2025-09-18 11:54:30 - sqlalchemy.engine.Engine - INFO - [cached since 0.003924s ago] ('tickets', 'r', 'p', 'f', 'v', 'm', 'pg_catalog')
2025-09-18 11:54:30 - sqlalchemy.engine.Engine - INFO - SELECT pg_catalog.pg_type.typname 
FROM pg_catalog.pg_type JOIN pg_catalog.pg_namespace ON pg_catalog.pg_namespace.oid = pg_catalog.pg_type.typnamespace 
WHERE pg_catalog.pg_type.typname = $1::VARCHAR AND pg_catalog.pg_type_is_visible(pg_catalog.pg_type.oid) AND pg_catalog.pg_namespace.nspname != $2::VARCHAR
2025-09-18 11:54:30 - sqlalchemy.engine.Engine - INFO - [generated in 0.00024s] ('userrole', 'pg_catalog')
2025-09-18 11:54:30 - sqlalchemy.engine.Engine - INFO - SELECT pg_catalog.pg_type.typname 
FROM pg_catalog.pg_type JOIN pg_catalog.pg_namespace ON pg_catalog.pg_namespace.oid = pg_catalog.pg_type.typnamespace 
WHERE pg_catalog.pg_type.typname = $1::VARCHAR AND pg_catalog.pg_type_is_visible(pg_catalog.pg_type.oid) AND pg_catalog.pg_namespace.nspname != $2::VARCHAR
2025-09-18 11:54:30 - sqlalchemy.engine.Engine - INFO - [cached since 0.002242s ago] ('ticketstatus', 'pg_catalog')
2025-09-18 11:54:30 - sqlalchemy.engine.Engine - INFO - COMMIT
2025-09-18 11:54:30 - app - INFO - App running...
2025-09-18 11:54:34 - sqlalchemy.engine.Engine - INFO - BEGIN (implicit)
2025-09-18 11:54:34 - sqlalchemy.engine.Engine - INFO - SELECT users.id, users.created_at, users.updated_at, users.is_deleted, users.name, users.email, users.wallet_address, users.role 
FROM users 
WHERE users.wallet_address = $1::VARCHAR
2025-09-18 11:54:34 - sqlalchemy.engine.Engine - INFO - [generated in 0.00026s] ('string',)
2025-09-18 11:54:34 - sqlalchemy.engine.Engine - INFO - INSERT INTO users (id, created_at, updated_at, is_deleted, name, email, wallet_address, role) VALUES ($1::VARCHAR, $2::TIMESTAMP WITHOUT TIME ZONE, $3::TIMESTAMP WITHOUT TIME ZONE, $4::BOOLEAN, $5::VARCHAR, $6::VARCHAR, $7::VARCHAR, $8::userrole)
2025-09-18 11:54:34 - sqlalchemy.engine.Engine - INFO - [generated in 0.00022s] ('3af7b085-d5e1-4760-bee5-89352e26388e', datetime.datetime(2025, 9, 18, 10, 54, 34, 380039, tzinfo=datetime.timezone.utc), None, False, 'string', 'user@example.com', 'string', 'ORGANIZER')
2025-09-18 11:54:34 - sqlalchemy.engine.Engine - INFO - ROLLBACK
2025-09-18 11:54:40 - sqlalchemy.engine.Engine - INFO - BEGIN (implicit)
2025-09-18 11:54:40 - sqlalchemy.engine.Engine - INFO - SELECT users.id, users.created_at, users.updated_at, users.is_deleted, users.name, users.email, users.wallet_address, users.role 
FROM users 
WHERE users.wallet_address = $1::VARCHAR
2025-09-18 11:54:40 - sqlalchemy.engine.Engine - INFO - [cached since 6.55s ago] ('string',)
2025-09-18 11:54:40 - sqlalchemy.engine.Engine - INFO - INSERT INTO users (id, created_at, updated_at, is_deleted, name, email, wallet_address, role) VALUES ($1::VARCHAR, $2::TIMESTAMP WITHOUT TIME ZONE, $3::TIMESTAMP WITHOUT TIME ZONE, $4::BOOLEAN, $5::VARCHAR, $6::VARCHAR, $7::VARCHAR, $8::userrole)
2025-09-18 11:54:40 - sqlalchemy.engine.Engine - INFO - [cached since 6.526s ago] ('36d7e94c-1813-4d06-a93b-2b0c4cf8070b', datetime.datetime(2025, 9, 18, 10, 54, 40, 907907, tzinfo=datetime.timezone.utc), None, False, 'string', 'user@example.com', 'string', 'ATTENDEE')
2025-09-18 11:54:40 - sqlalchemy.engine.Engine - INFO - ROLLBACK
2025-09-18 11:55:36 - app - INFO - Shutting down application...
2025-09-18 11:55:37 - app - INFO - Application TicketIO v0.0.1 initialized
2025-09-18 11:55:37 - asyncio - DEBUG - Using selector: KqueueSelector
2025-09-18 11:55:37 - app - INFO - Starting application...
2025-09-18 11:55:37 - sqlalchemy.engine.Engine - INFO - select pg_catalog.version()
2025-09-18 11:55:37 - sqlalchemy.engine.Engine - INFO - [raw sql] ()
2025-09-18 11:55:37 - sqlalchemy.engine.Engine - INFO - select current_schema()
2025-09-18 11:55:37 - sqlalchemy.engine.Engine - INFO - [raw sql] ()
2025-09-18 11:55:37 - sqlalchemy.engine.Engine - INFO - show standard_conforming_strings
2025-09-18 11:55:37 - sqlalchemy.engine.Engine - INFO - [raw sql] ()
2025-09-18 11:55:37 - sqlalchemy.engine.Engine - INFO - BEGIN (implicit)
2025-09-18 11:55:37 - sqlalchemy.engine.Engine - INFO - SELECT pg_catalog.pg_class.relname 
FROM pg_catalog.pg_class JOIN pg_catalog.pg_namespace ON pg_catalog.pg_namespace.oid = pg_catalog.pg_class.relnamespace 
WHERE pg_catalog.pg_class.relname = $1::VARCHAR AND pg_catalog.pg_class.relkind = ANY (ARRAY[$2::VARCHAR, $3::VARCHAR, $4::VARCHAR, $5::VARCHAR, $6::VARCHAR]) AND pg_catalog.pg_table_is_visible(pg_catalog.pg_class.oid) AND pg_catalog.pg_namespace.nspname != $7::VARCHAR
2025-09-18 11:55:37 - sqlalchemy.engine.Engine - INFO - [generated in 0.00038s] ('users', 'r', 'p', 'f', 'v', 'm', 'pg_catalog')
2025-09-18 11:55:37 - sqlalchemy.engine.Engine - INFO - SELECT pg_catalog.pg_class.relname 
FROM pg_catalog.pg_class JOIN pg_catalog.pg_namespace ON pg_catalog.pg_namespace.oid = pg_catalog.pg_class.relnamespace 
WHERE pg_catalog.pg_class.relname = $1::VARCHAR AND pg_catalog.pg_class.relkind = ANY (ARRAY[$2::VARCHAR, $3::VARCHAR, $4::VARCHAR, $5::VARCHAR, $6::VARCHAR]) AND pg_catalog.pg_table_is_visible(pg_catalog.pg_class.oid) AND pg_catalog.pg_namespace.nspname != $7::VARCHAR
2025-09-18 11:55:37 - sqlalchemy.engine.Engine - INFO - [cached since 0.006247s ago] ('events', 'r', 'p', 'f', 'v', 'm', 'pg_catalog')
2025-09-18 11:55:37 - sqlalchemy.engine.Engine - INFO - SELECT pg_catalog.pg_class.relname 
FROM pg_catalog.pg_class JOIN pg_catalog.pg_namespace ON pg_catalog.pg_namespace.oid = pg_catalog.pg_class.relnamespace 
WHERE pg_catalog.pg_class.relname = $1::VARCHAR AND pg_catalog.pg_class.relkind = ANY (ARRAY[$2::VARCHAR, $3::VARCHAR, $4::VARCHAR, $5::VARCHAR, $6::VARCHAR]) AND pg_catalog.pg_table_is_visible(pg_catalog.pg_class.oid) AND pg_catalog.pg_namespace.nspname != $7::VARCHAR
2025-09-18 11:55:37 - sqlalchemy.engine.Engine - INFO - [cached since 0.008098s ago] ('tickets', 'r', 'p', 'f', 'v', 'm', 'pg_catalog')
2025-09-18 11:55:37 - sqlalchemy.engine.Engine - INFO - SELECT pg_catalog.pg_type.typname 
FROM pg_catalog.pg_type JOIN pg_catalog.pg_namespace ON pg_catalog.pg_namespace.oid = pg_catalog.pg_type.typnamespace 
WHERE pg_catalog.pg_type.typname = $1::VARCHAR AND pg_catalog.pg_type_is_visible(pg_catalog.pg_type.oid) AND pg_catalog.pg_namespace.nspname != $2::VARCHAR
2025-09-18 11:55:37 - sqlalchemy.engine.Engine - INFO - [generated in 0.00013s] ('userrole', 'pg_catalog')
2025-09-18 11:55:37 - sqlalchemy.engine.Engine - INFO - SELECT pg_catalog.pg_type.typname 
FROM pg_catalog.pg_type JOIN pg_catalog.pg_namespace ON pg_catalog.pg_namespace.oid = pg_catalog.pg_type.typnamespace 
WHERE pg_catalog.pg_type.typname = $1::VARCHAR AND pg_catalog.pg_type_is_visible(pg_catalog.pg_type.oid) AND pg_catalog.pg_namespace.nspname != $2::VARCHAR
2025-09-18 11:55:37 - sqlalchemy.engine.Engine - INFO - [cached since 0.001611s ago] ('ticketstatus', 'pg_catalog')
2025-09-18 11:55:37 - sqlalchemy.engine.Engine - INFO - COMMIT
2025-09-18 11:55:37 - app - INFO - App running...
2025-09-18 11:56:34 - sqlalchemy.engine.Engine - INFO - BEGIN (implicit)
2025-09-18 11:56:34 - sqlalchemy.engine.Engine - INFO - SELECT users.id, users.created_at, users.updated_at, users.is_deleted, users.name, users.email, users.wallet_address, users.role 
FROM users 
WHERE users.wallet_address = $1::VARCHAR
2025-09-18 11:56:34 - sqlalchemy.engine.Engine - INFO - [generated in 0.00023s] ('string',)
2025-09-18 11:56:34 - sqlalchemy.engine.Engine - INFO - INSERT INTO users (id, created_at, updated_at, is_deleted, name, email, wallet_address, role) VALUES ($1::VARCHAR, $2::TIMESTAMP WITHOUT TIME ZONE, $3::TIMESTAMP WITHOUT TIME ZONE, $4::BOOLEAN, $5::VARCHAR, $6::VARCHAR, $7::VARCHAR, $8::userrole)
2025-09-18 11:56:34 - sqlalchemy.engine.Engine - INFO - [generated in 0.00019s] ('7f952b3a-1181-4a91-9546-d51bf5bdf656', datetime.datetime(2025, 9, 18, 10, 56, 34, 928869), None, False, 'string', 'user@example.com', 'string', 'ATTENDEE')
2025-09-18 11:56:34 - sqlalchemy.engine.Engine - INFO - COMMIT
2025-09-18 11:56:34 - sqlalchemy.engine.Engine - INFO - BEGIN (implicit)
2025-09-18 11:56:34 - sqlalchemy.engine.Engine - INFO - SELECT users.id, users.created_at, users.updated_at, users.is_deleted, users.name, users.email, users.wallet_address, users.role 
FROM users 
WHERE users.id = $1::VARCHAR
2025-09-18 11:56:34 - sqlalchemy.engine.Engine - INFO - [generated in 0.00016s] ('7f952b3a-1181-4a91-9546-d51bf5bdf656',)
2025-09-18 11:56:34 - sqlalchemy.engine.Engine - INFO - ROLLBACK
2025-09-18 11:57:00 - sqlalchemy.engine.Engine - INFO - BEGIN (implicit)
2025-09-18 11:57:00 - sqlalchemy.engine.Engine - INFO - SELECT users.id, users.created_at, users.updated_at, users.is_deleted, users.name, users.email, users.wallet_address, users.role 
FROM users 
WHERE users.wallet_address = $1::VARCHAR
2025-09-18 11:57:00 - sqlalchemy.engine.Engine - INFO - [cached since 25.69s ago] ('string',)
2025-09-18 11:57:00 - sqlalchemy.engine.Engine - INFO - ROLLBACK
2025-09-18 11:57:07 - sqlalchemy.engine.Engine - INFO - BEGIN (implicit)
2025-09-18 11:57:07 - sqlalchemy.engine.Engine - INFO - SELECT users.id, users.created_at, users.updated_at, users.is_deleted, users.name, users.email, users.wallet_address, users.role 
FROM users 
WHERE users.wallet_address = $1::VARCHAR
2025-09-18 11:57:07 - sqlalchemy.engine.Engine - INFO - [cached since 32.3s ago] ('string',)
2025-09-18 11:57:07 - sqlalchemy.engine.Engine - INFO - ROLLBACK
2025-09-18 11:57:16 - sqlalchemy.engine.Engine - INFO - BEGIN (implicit)
2025-09-18 11:57:16 - sqlalchemy.engine.Engine - INFO - SELECT users.id, users.created_at, users.updated_at, users.is_deleted, users.name, users.email, users.wallet_address, users.role 
FROM users 
WHERE users.wallet_address = $1::VARCHAR
2025-09-18 11:57:16 - sqlalchemy.engine.Engine - INFO - [cached since 41.79s ago] ('eyJhbGciOiJIUzI1NiIsInR5cCI6IkpXVCJ9.eyJleHAiOjE3NTgxOTQ3OTQsInN1YiI6InN0cmluZyJ9.ibbqayNBY3rdQYcd4mzjTawAbjxXKgodqa_IafiwwUk',)
2025-09-18 11:57:16 - sqlalchemy.engine.Engine - INFO - ROLLBACK
2025-09-18 11:57:25 - sqlalchemy.engine.Engine - INFO - BEGIN (implicit)
2025-09-18 11:57:25 - sqlalchemy.engine.Engine - INFO - SELECT users.id, users.created_at, users.updated_at, users.is_deleted, users.name, users.email, users.wallet_address, users.role 
FROM users 
WHERE users.wallet_address = $1::VARCHAR
2025-09-18 11:57:25 - sqlalchemy.engine.Engine - INFO - [cached since 50.93s ago] ('string',)
2025-09-18 11:57:25 - sqlalchemy.engine.Engine - INFO - ROLLBACK
2025-09-18 11:57:39 - sqlalchemy.engine.Engine - INFO - BEGIN (implicit)
2025-09-18 11:57:39 - sqlalchemy.engine.Engine - INFO - SELECT events.id, events.created_at, events.updated_at, events.is_deleted, events.organizer_id, events.name, events.description, events.location, events.date, events.price, events.token_id, events.metadata_uri 
FROM events 
WHERE events.date > $1::TIMESTAMP WITH TIME ZONE
2025-09-18 11:57:39 - sqlalchemy.engine.Engine - INFO - [generated in 0.00091s] (datetime.datetime(2025, 9, 18, 10, 57, 39, 725974),)
2025-09-18 11:57:39 - sqlalchemy.engine.Engine - INFO - ROLLBACK
2025-09-18 11:58:36 - app - INFO - Shutting down application...
2025-09-19 08:55:56 - app - INFO - Application TicketIO v0.0.1 initialized
2025-09-19 08:55:56 - app - INFO - Application TicketIO v0.0.1 initialized
2025-09-19 08:55:56 - asyncio - DEBUG - Using selector: KqueueSelector
2025-09-19 08:55:56 - app - INFO - Starting application...
2025-09-19 08:55:56 - sqlalchemy.engine.Engine - INFO - select pg_catalog.version()
2025-09-19 08:55:56 - sqlalchemy.engine.Engine - INFO - [raw sql] ()
2025-09-19 08:55:56 - sqlalchemy.engine.Engine - INFO - select current_schema()
2025-09-19 08:55:56 - sqlalchemy.engine.Engine - INFO - [raw sql] ()
2025-09-19 08:55:56 - sqlalchemy.engine.Engine - INFO - show standard_conforming_strings
2025-09-19 08:55:56 - sqlalchemy.engine.Engine - INFO - [raw sql] ()
2025-09-19 08:55:56 - sqlalchemy.engine.Engine - INFO - BEGIN (implicit)
2025-09-19 08:55:56 - sqlalchemy.engine.Engine - INFO - SELECT pg_catalog.pg_class.relname 
FROM pg_catalog.pg_class JOIN pg_catalog.pg_namespace ON pg_catalog.pg_namespace.oid = pg_catalog.pg_class.relnamespace 
WHERE pg_catalog.pg_class.relname = $1::VARCHAR AND pg_catalog.pg_class.relkind = ANY (ARRAY[$2::VARCHAR, $3::VARCHAR, $4::VARCHAR, $5::VARCHAR, $6::VARCHAR]) AND pg_catalog.pg_table_is_visible(pg_catalog.pg_class.oid) AND pg_catalog.pg_namespace.nspname != $7::VARCHAR
2025-09-19 08:55:56 - sqlalchemy.engine.Engine - INFO - [generated in 0.00021s] ('users', 'r', 'p', 'f', 'v', 'm', 'pg_catalog')
2025-09-19 08:55:56 - sqlalchemy.engine.Engine - INFO - SELECT pg_catalog.pg_class.relname 
FROM pg_catalog.pg_class JOIN pg_catalog.pg_namespace ON pg_catalog.pg_namespace.oid = pg_catalog.pg_class.relnamespace 
WHERE pg_catalog.pg_class.relname = $1::VARCHAR AND pg_catalog.pg_class.relkind = ANY (ARRAY[$2::VARCHAR, $3::VARCHAR, $4::VARCHAR, $5::VARCHAR, $6::VARCHAR]) AND pg_catalog.pg_table_is_visible(pg_catalog.pg_class.oid) AND pg_catalog.pg_namespace.nspname != $7::VARCHAR
2025-09-19 08:55:56 - sqlalchemy.engine.Engine - INFO - [cached since 0.006752s ago] ('events', 'r', 'p', 'f', 'v', 'm', 'pg_catalog')
2025-09-19 08:55:56 - sqlalchemy.engine.Engine - INFO - SELECT pg_catalog.pg_class.relname 
FROM pg_catalog.pg_class JOIN pg_catalog.pg_namespace ON pg_catalog.pg_namespace.oid = pg_catalog.pg_class.relnamespace 
WHERE pg_catalog.pg_class.relname = $1::VARCHAR AND pg_catalog.pg_class.relkind = ANY (ARRAY[$2::VARCHAR, $3::VARCHAR, $4::VARCHAR, $5::VARCHAR, $6::VARCHAR]) AND pg_catalog.pg_table_is_visible(pg_catalog.pg_class.oid) AND pg_catalog.pg_namespace.nspname != $7::VARCHAR
2025-09-19 08:55:56 - sqlalchemy.engine.Engine - INFO - [cached since 0.007295s ago] ('tickets', 'r', 'p', 'f', 'v', 'm', 'pg_catalog')
2025-09-19 08:55:56 - sqlalchemy.engine.Engine - INFO - SELECT pg_catalog.pg_type.typname 
FROM pg_catalog.pg_type JOIN pg_catalog.pg_namespace ON pg_catalog.pg_namespace.oid = pg_catalog.pg_type.typnamespace 
WHERE pg_catalog.pg_type.typname = $1::VARCHAR AND pg_catalog.pg_type_is_visible(pg_catalog.pg_type.oid) AND pg_catalog.pg_namespace.nspname != $2::VARCHAR
2025-09-19 08:55:56 - sqlalchemy.engine.Engine - INFO - [generated in 0.00016s] ('userrole', 'pg_catalog')
2025-09-19 08:55:56 - sqlalchemy.engine.Engine - INFO - SELECT pg_catalog.pg_type.typname 
FROM pg_catalog.pg_type JOIN pg_catalog.pg_namespace ON pg_catalog.pg_namespace.oid = pg_catalog.pg_type.typnamespace 
WHERE pg_catalog.pg_type.typname = $1::VARCHAR AND pg_catalog.pg_type_is_visible(pg_catalog.pg_type.oid) AND pg_catalog.pg_namespace.nspname != $2::VARCHAR
2025-09-19 08:55:56 - sqlalchemy.engine.Engine - INFO - [cached since 0.00223s ago] ('ticketstatus', 'pg_catalog')
2025-09-19 08:55:56 - sqlalchemy.engine.Engine - INFO - COMMIT
2025-09-19 08:55:56 - app - INFO - App running...
2025-09-19 08:56:15 - sqlalchemy.engine.Engine - INFO - BEGIN (implicit)
2025-09-19 08:56:15 - sqlalchemy.engine.Engine - INFO - SELECT users.id, users.created_at, users.updated_at, users.is_deleted, users.name, users.email, users.wallet_address, users.role 
FROM users 
WHERE users.wallet_address = $1::VARCHAR
2025-09-19 08:56:15 - sqlalchemy.engine.Engine - INFO - [generated in 0.00020s] ('string',)
2025-09-19 08:56:16 - sqlalchemy.engine.Engine - INFO - ROLLBACK
2025-09-19 08:56:24 - sqlalchemy.engine.Engine - INFO - BEGIN (implicit)
2025-09-19 08:56:24 - sqlalchemy.engine.Engine - INFO - SELECT users.id, users.created_at, users.updated_at, users.is_deleted, users.name, users.email, users.wallet_address, users.role 
FROM users 
WHERE users.wallet_address = $1::VARCHAR
2025-09-19 08:56:24 - sqlalchemy.engine.Engine - INFO - [cached since 9.008s ago] ('string',)
2025-09-19 08:56:24 - sqlalchemy.engine.Engine - INFO - ROLLBACK
2025-09-19 08:56:43 - sqlalchemy.engine.Engine - INFO - BEGIN (implicit)
2025-09-19 08:56:43 - sqlalchemy.engine.Engine - INFO - SELECT users.id, users.created_at, users.updated_at, users.is_deleted, users.name, users.email, users.wallet_address, users.role 
FROM users 
WHERE users.wallet_address = $1::VARCHAR
2025-09-19 08:56:43 - sqlalchemy.engine.Engine - INFO - [cached since 27.5s ago] ('example',)
2025-09-19 08:56:43 - sqlalchemy.engine.Engine - INFO - INSERT INTO users (id, created_at, updated_at, is_deleted, name, email, wallet_address, role) VALUES ($1::VARCHAR, $2::TIMESTAMP WITHOUT TIME ZONE, $3::TIMESTAMP WITHOUT TIME ZONE, $4::BOOLEAN, $5::VARCHAR, $6::VARCHAR, $7::VARCHAR, $8::userrole)
2025-09-19 08:56:43 - sqlalchemy.engine.Engine - INFO - [generated in 0.00013s] ('e959bc71-a3cf-4bda-826b-953a623d3149', datetime.datetime(2025, 9, 19, 7, 56, 43, 490510), None, False, 'abdlim', 'abdlim@example.com', 'example', 'ATTENDEE')
2025-09-19 08:56:43 - sqlalchemy.engine.Engine - INFO - COMMIT
2025-09-19 08:56:43 - sqlalchemy.engine.Engine - INFO - BEGIN (implicit)
2025-09-19 08:56:43 - sqlalchemy.engine.Engine - INFO - SELECT users.id, users.created_at, users.updated_at, users.is_deleted, users.name, users.email, users.wallet_address, users.role 
FROM users 
WHERE users.id = $1::VARCHAR
2025-09-19 08:56:43 - sqlalchemy.engine.Engine - INFO - [generated in 0.00011s] ('e959bc71-a3cf-4bda-826b-953a623d3149',)
2025-09-19 08:56:43 - sqlalchemy.engine.Engine - INFO - ROLLBACK
2025-09-19 08:56:57 - sqlalchemy.engine.Engine - INFO - BEGIN (implicit)
2025-09-19 08:56:57 - sqlalchemy.engine.Engine - INFO - SELECT users.id, users.created_at, users.updated_at, users.is_deleted, users.name, users.email, users.wallet_address, users.role 
FROM users 
WHERE users.wallet_address = $1::VARCHAR
2025-09-19 08:56:57 - sqlalchemy.engine.Engine - INFO - [cached since 41.94s ago] ('example',)
2025-09-19 08:56:57 - sqlalchemy.engine.Engine - INFO - ROLLBACK
2025-09-19 08:57:03 - sqlalchemy.engine.Engine - INFO - BEGIN (implicit)
2025-09-19 08:57:03 - sqlalchemy.engine.Engine - INFO - SELECT users.id, users.created_at, users.updated_at, users.is_deleted, users.name, users.email, users.wallet_address, users.role 
FROM users 
WHERE users.wallet_address = $1::VARCHAR
2025-09-19 08:57:03 - sqlalchemy.engine.Engine - INFO - [cached since 47.85s ago] ('example',)
2025-09-19 08:57:03 - sqlalchemy.engine.Engine - INFO - ROLLBACK
2025-09-19 08:58:23 - sqlalchemy.engine.Engine - INFO - BEGIN (implicit)
2025-09-19 08:58:23 - sqlalchemy.engine.Engine - INFO - SELECT events.id, events.created_at, events.updated_at, events.is_deleted, events.organizer_id, events.name, events.description, events.location, events.date, events.price, events.token_id, events.metadata_uri 
FROM events 
WHERE events.date > $1::TIMESTAMP WITH TIME ZONE
2025-09-19 08:58:23 - sqlalchemy.engine.Engine - INFO - [generated in 0.00024s] (datetime.datetime(2025, 9, 19, 7, 58, 23, 11111),)
2025-09-19 08:58:23 - sqlalchemy.engine.Engine - INFO - ROLLBACK
2025-09-19 08:58:31 - app - INFO - Shutting down application...
2025-09-19 09:25:21 - app - INFO - Application TicketIO v0.0.1 initialized
2025-09-19 09:25:21 - app - INFO - Application TicketIO v0.0.1 initialized
2025-09-19 09:25:21 - asyncio - DEBUG - Using selector: KqueueSelector
2025-09-19 09:25:21 - app - INFO - Starting application...
2025-09-19 09:25:21 - sqlalchemy.engine.Engine - INFO - select pg_catalog.version()
2025-09-19 09:25:21 - sqlalchemy.engine.Engine - INFO - [raw sql] ()
2025-09-19 09:25:21 - sqlalchemy.engine.Engine - INFO - select current_schema()
2025-09-19 09:25:21 - sqlalchemy.engine.Engine - INFO - [raw sql] ()
2025-09-19 09:25:21 - sqlalchemy.engine.Engine - INFO - show standard_conforming_strings
2025-09-19 09:25:21 - sqlalchemy.engine.Engine - INFO - [raw sql] ()
2025-09-19 09:25:21 - sqlalchemy.engine.Engine - INFO - BEGIN (implicit)
2025-09-19 09:25:21 - sqlalchemy.engine.Engine - INFO - SELECT pg_catalog.pg_class.relname 
FROM pg_catalog.pg_class JOIN pg_catalog.pg_namespace ON pg_catalog.pg_namespace.oid = pg_catalog.pg_class.relnamespace 
WHERE pg_catalog.pg_class.relname = $1::VARCHAR AND pg_catalog.pg_class.relkind = ANY (ARRAY[$2::VARCHAR, $3::VARCHAR, $4::VARCHAR, $5::VARCHAR, $6::VARCHAR]) AND pg_catalog.pg_table_is_visible(pg_catalog.pg_class.oid) AND pg_catalog.pg_namespace.nspname != $7::VARCHAR
2025-09-19 09:25:21 - sqlalchemy.engine.Engine - INFO - [generated in 0.00029s] ('users', 'r', 'p', 'f', 'v', 'm', 'pg_catalog')
2025-09-19 09:25:22 - sqlalchemy.engine.Engine - INFO - SELECT pg_catalog.pg_class.relname 
FROM pg_catalog.pg_class JOIN pg_catalog.pg_namespace ON pg_catalog.pg_namespace.oid = pg_catalog.pg_class.relnamespace 
WHERE pg_catalog.pg_class.relname = $1::VARCHAR AND pg_catalog.pg_class.relkind = ANY (ARRAY[$2::VARCHAR, $3::VARCHAR, $4::VARCHAR, $5::VARCHAR, $6::VARCHAR]) AND pg_catalog.pg_table_is_visible(pg_catalog.pg_class.oid) AND pg_catalog.pg_namespace.nspname != $7::VARCHAR
2025-09-19 09:25:22 - sqlalchemy.engine.Engine - INFO - [cached since 0.01231s ago] ('events', 'r', 'p', 'f', 'v', 'm', 'pg_catalog')
2025-09-19 09:25:22 - sqlalchemy.engine.Engine - INFO - SELECT pg_catalog.pg_class.relname 
FROM pg_catalog.pg_class JOIN pg_catalog.pg_namespace ON pg_catalog.pg_namespace.oid = pg_catalog.pg_class.relnamespace 
WHERE pg_catalog.pg_class.relname = $1::VARCHAR AND pg_catalog.pg_class.relkind = ANY (ARRAY[$2::VARCHAR, $3::VARCHAR, $4::VARCHAR, $5::VARCHAR, $6::VARCHAR]) AND pg_catalog.pg_table_is_visible(pg_catalog.pg_class.oid) AND pg_catalog.pg_namespace.nspname != $7::VARCHAR
2025-09-19 09:25:22 - sqlalchemy.engine.Engine - INFO - [cached since 0.0145s ago] ('tickets', 'r', 'p', 'f', 'v', 'm', 'pg_catalog')
2025-09-19 09:25:22 - sqlalchemy.engine.Engine - INFO - SELECT pg_catalog.pg_type.typname 
FROM pg_catalog.pg_type JOIN pg_catalog.pg_namespace ON pg_catalog.pg_namespace.oid = pg_catalog.pg_type.typnamespace 
WHERE pg_catalog.pg_type.typname = $1::VARCHAR AND pg_catalog.pg_type_is_visible(pg_catalog.pg_type.oid) AND pg_catalog.pg_namespace.nspname != $2::VARCHAR
2025-09-19 09:25:22 - sqlalchemy.engine.Engine - INFO - [generated in 0.00012s] ('userrole', 'pg_catalog')
2025-09-19 09:25:22 - sqlalchemy.engine.Engine - INFO - SELECT pg_catalog.pg_type.typname 
FROM pg_catalog.pg_type JOIN pg_catalog.pg_namespace ON pg_catalog.pg_namespace.oid = pg_catalog.pg_type.typnamespace 
WHERE pg_catalog.pg_type.typname = $1::VARCHAR AND pg_catalog.pg_type_is_visible(pg_catalog.pg_type.oid) AND pg_catalog.pg_namespace.nspname != $2::VARCHAR
2025-09-19 09:25:22 - sqlalchemy.engine.Engine - INFO - [cached since 0.001676s ago] ('ticketstatus', 'pg_catalog')
2025-09-19 09:25:22 - sqlalchemy.engine.Engine - INFO - COMMIT
2025-09-19 09:25:22 - app - INFO - App running...
2025-09-19 09:25:58 - sqlalchemy.engine.Engine - INFO - BEGIN (implicit)
2025-09-19 09:25:58 - sqlalchemy.engine.Engine - INFO - SELECT users.id, users.created_at, users.updated_at, users.is_deleted, users.name, users.email, users.wallet_address, users.role 
FROM users 
WHERE users.wallet_address = $1::VARCHAR
2025-09-19 09:25:58 - sqlalchemy.engine.Engine - INFO - [generated in 0.00017s] ('0x1234abcd',)
2025-09-19 09:25:58 - sqlalchemy.engine.Engine - INFO - INSERT INTO users (id, created_at, updated_at, is_deleted, name, email, wallet_address, role) VALUES ($1::VARCHAR, $2::TIMESTAMP WITHOUT TIME ZONE, $3::TIMESTAMP WITHOUT TIME ZONE, $4::BOOLEAN, $5::VARCHAR, $6::VARCHAR, $7::VARCHAR, $8::userrole)
2025-09-19 09:25:58 - sqlalchemy.engine.Engine - INFO - [generated in 0.00018s] ('b0288631-78a2-4096-adcd-39f43f07b372', datetime.datetime(2025, 9, 19, 8, 25, 58, 63078), None, False, 'limlim', 'lim@example.com', '0x1234abcd', 'ORGANIZER')
2025-09-19 09:25:58 - sqlalchemy.engine.Engine - INFO - COMMIT
2025-09-19 09:25:58 - sqlalchemy.engine.Engine - INFO - BEGIN (implicit)
2025-09-19 09:25:58 - sqlalchemy.engine.Engine - INFO - SELECT users.id, users.created_at, users.updated_at, users.is_deleted, users.name, users.email, users.wallet_address, users.role 
FROM users 
WHERE users.id = $1::VARCHAR
2025-09-19 09:25:58 - sqlalchemy.engine.Engine - INFO - [generated in 0.00007s] ('b0288631-78a2-4096-adcd-39f43f07b372',)
2025-09-19 09:25:58 - sqlalchemy.engine.Engine - INFO - ROLLBACK
2025-09-19 09:26:14 - sqlalchemy.engine.Engine - INFO - BEGIN (implicit)
2025-09-19 09:26:14 - sqlalchemy.engine.Engine - INFO - SELECT users.id, users.created_at, users.updated_at, users.is_deleted, users.name, users.email, users.wallet_address, users.role 
FROM users 
WHERE users.wallet_address = $1::VARCHAR
2025-09-19 09:26:14 - sqlalchemy.engine.Engine - INFO - [cached since 16.64s ago] ('0x1234abcd',)
2025-09-19 09:26:14 - sqlalchemy.engine.Engine - INFO - ROLLBACK
2025-09-19 10:28:35 - app - INFO - Shutting down application...
2025-09-19 10:28:37 - app - INFO - Application TicketIO v0.0.1 initialized
2025-09-19 10:28:37 - asyncio - DEBUG - Using selector: KqueueSelector
2025-09-19 10:28:37 - app - INFO - Starting application...
2025-09-19 10:28:37 - sqlalchemy.engine.Engine - INFO - select pg_catalog.version()
2025-09-19 10:28:37 - sqlalchemy.engine.Engine - INFO - [raw sql] ()
2025-09-19 10:28:37 - sqlalchemy.engine.Engine - INFO - select current_schema()
2025-09-19 10:28:37 - sqlalchemy.engine.Engine - INFO - [raw sql] ()
2025-09-19 10:28:37 - sqlalchemy.engine.Engine - INFO - show standard_conforming_strings
2025-09-19 10:28:37 - sqlalchemy.engine.Engine - INFO - [raw sql] ()
2025-09-19 10:28:37 - sqlalchemy.engine.Engine - INFO - BEGIN (implicit)
2025-09-19 10:28:37 - sqlalchemy.engine.Engine - INFO - SELECT pg_catalog.pg_class.relname 
FROM pg_catalog.pg_class JOIN pg_catalog.pg_namespace ON pg_catalog.pg_namespace.oid = pg_catalog.pg_class.relnamespace 
WHERE pg_catalog.pg_class.relname = $1::VARCHAR AND pg_catalog.pg_class.relkind = ANY (ARRAY[$2::VARCHAR, $3::VARCHAR, $4::VARCHAR, $5::VARCHAR, $6::VARCHAR]) AND pg_catalog.pg_table_is_visible(pg_catalog.pg_class.oid) AND pg_catalog.pg_namespace.nspname != $7::VARCHAR
2025-09-19 10:28:37 - sqlalchemy.engine.Engine - INFO - [generated in 0.00022s] ('users', 'r', 'p', 'f', 'v', 'm', 'pg_catalog')
2025-09-19 10:28:37 - sqlalchemy.engine.Engine - INFO - SELECT pg_catalog.pg_class.relname 
FROM pg_catalog.pg_class JOIN pg_catalog.pg_namespace ON pg_catalog.pg_namespace.oid = pg_catalog.pg_class.relnamespace 
WHERE pg_catalog.pg_class.relname = $1::VARCHAR AND pg_catalog.pg_class.relkind = ANY (ARRAY[$2::VARCHAR, $3::VARCHAR, $4::VARCHAR, $5::VARCHAR, $6::VARCHAR]) AND pg_catalog.pg_table_is_visible(pg_catalog.pg_class.oid) AND pg_catalog.pg_namespace.nspname != $7::VARCHAR
2025-09-19 10:28:37 - sqlalchemy.engine.Engine - INFO - [cached since 0.007529s ago] ('events', 'r', 'p', 'f', 'v', 'm', 'pg_catalog')
2025-09-19 10:28:37 - sqlalchemy.engine.Engine - INFO - SELECT pg_catalog.pg_class.relname 
FROM pg_catalog.pg_class JOIN pg_catalog.pg_namespace ON pg_catalog.pg_namespace.oid = pg_catalog.pg_class.relnamespace 
WHERE pg_catalog.pg_class.relname = $1::VARCHAR AND pg_catalog.pg_class.relkind = ANY (ARRAY[$2::VARCHAR, $3::VARCHAR, $4::VARCHAR, $5::VARCHAR, $6::VARCHAR]) AND pg_catalog.pg_table_is_visible(pg_catalog.pg_class.oid) AND pg_catalog.pg_namespace.nspname != $7::VARCHAR
2025-09-19 10:28:37 - sqlalchemy.engine.Engine - INFO - [cached since 0.008379s ago] ('tickets', 'r', 'p', 'f', 'v', 'm', 'pg_catalog')
2025-09-19 10:28:37 - sqlalchemy.engine.Engine - INFO - SELECT pg_catalog.pg_type.typname 
FROM pg_catalog.pg_type JOIN pg_catalog.pg_namespace ON pg_catalog.pg_namespace.oid = pg_catalog.pg_type.typnamespace 
WHERE pg_catalog.pg_type.typname = $1::VARCHAR AND pg_catalog.pg_type_is_visible(pg_catalog.pg_type.oid) AND pg_catalog.pg_namespace.nspname != $2::VARCHAR
2025-09-19 10:28:37 - sqlalchemy.engine.Engine - INFO - [generated in 0.00015s] ('userrole', 'pg_catalog')
2025-09-19 10:28:37 - sqlalchemy.engine.Engine - INFO - SELECT pg_catalog.pg_type.typname 
FROM pg_catalog.pg_type JOIN pg_catalog.pg_namespace ON pg_catalog.pg_namespace.oid = pg_catalog.pg_type.typnamespace 
WHERE pg_catalog.pg_type.typname = $1::VARCHAR AND pg_catalog.pg_type_is_visible(pg_catalog.pg_type.oid) AND pg_catalog.pg_namespace.nspname != $2::VARCHAR
2025-09-19 10:28:37 - sqlalchemy.engine.Engine - INFO - [cached since 0.002662s ago] ('ticketstatus', 'pg_catalog')
2025-09-19 10:28:37 - sqlalchemy.engine.Engine - INFO - COMMIT
2025-09-19 10:28:37 - app - INFO - App running...
2025-09-19 10:45:27 - app - INFO - Shutting down application...
2025-10-03 16:20:14 - app - INFO - Application TicketIO v0.0.1 initialized
2025-10-03 16:20:15 - app - INFO - Application TicketIO v0.0.1 initialized
2025-10-03 16:20:15 - asyncio - DEBUG - Using selector: KqueueSelector
2025-10-03 16:20:15 - app - INFO - Starting application...
2025-10-03 16:20:15 - sqlalchemy.engine.Engine - INFO - select pg_catalog.version()
2025-10-03 16:20:15 - sqlalchemy.engine.Engine - INFO - [raw sql] ()
2025-10-03 16:20:15 - sqlalchemy.engine.Engine - INFO - select current_schema()
2025-10-03 16:20:15 - sqlalchemy.engine.Engine - INFO - [raw sql] ()
2025-10-03 16:20:15 - sqlalchemy.engine.Engine - INFO - show standard_conforming_strings
2025-10-03 16:20:15 - sqlalchemy.engine.Engine - INFO - [raw sql] ()
2025-10-03 16:20:15 - sqlalchemy.engine.Engine - INFO - BEGIN (implicit)
2025-10-03 16:20:15 - sqlalchemy.engine.Engine - INFO - SELECT pg_catalog.pg_class.relname 
FROM pg_catalog.pg_class JOIN pg_catalog.pg_namespace ON pg_catalog.pg_namespace.oid = pg_catalog.pg_class.relnamespace 
WHERE pg_catalog.pg_class.relname = $1::VARCHAR AND pg_catalog.pg_class.relkind = ANY (ARRAY[$2::VARCHAR, $3::VARCHAR, $4::VARCHAR, $5::VARCHAR, $6::VARCHAR]) AND pg_catalog.pg_table_is_visible(pg_catalog.pg_class.oid) AND pg_catalog.pg_namespace.nspname != $7::VARCHAR
2025-10-03 16:20:15 - sqlalchemy.engine.Engine - INFO - [generated in 0.00012s] ('users', 'r', 'p', 'f', 'v', 'm', 'pg_catalog')
2025-10-03 16:20:15 - sqlalchemy.engine.Engine - INFO - SELECT pg_catalog.pg_class.relname 
FROM pg_catalog.pg_class JOIN pg_catalog.pg_namespace ON pg_catalog.pg_namespace.oid = pg_catalog.pg_class.relnamespace 
WHERE pg_catalog.pg_class.relname = $1::VARCHAR AND pg_catalog.pg_class.relkind = ANY (ARRAY[$2::VARCHAR, $3::VARCHAR, $4::VARCHAR, $5::VARCHAR, $6::VARCHAR]) AND pg_catalog.pg_table_is_visible(pg_catalog.pg_class.oid) AND pg_catalog.pg_namespace.nspname != $7::VARCHAR
2025-10-03 16:20:15 - sqlalchemy.engine.Engine - INFO - [cached since 0.01164s ago] ('events', 'r', 'p', 'f', 'v', 'm', 'pg_catalog')
2025-10-03 16:20:15 - sqlalchemy.engine.Engine - INFO - SELECT pg_catalog.pg_class.relname 
FROM pg_catalog.pg_class JOIN pg_catalog.pg_namespace ON pg_catalog.pg_namespace.oid = pg_catalog.pg_class.relnamespace 
WHERE pg_catalog.pg_class.relname = $1::VARCHAR AND pg_catalog.pg_class.relkind = ANY (ARRAY[$2::VARCHAR, $3::VARCHAR, $4::VARCHAR, $5::VARCHAR, $6::VARCHAR]) AND pg_catalog.pg_table_is_visible(pg_catalog.pg_class.oid) AND pg_catalog.pg_namespace.nspname != $7::VARCHAR
2025-10-03 16:20:15 - sqlalchemy.engine.Engine - INFO - [cached since 0.01282s ago] ('tickets', 'r', 'p', 'f', 'v', 'm', 'pg_catalog')
2025-10-03 16:20:15 - sqlalchemy.engine.Engine - INFO - SELECT pg_catalog.pg_type.typname 
FROM pg_catalog.pg_type JOIN pg_catalog.pg_namespace ON pg_catalog.pg_namespace.oid = pg_catalog.pg_type.typnamespace 
WHERE pg_catalog.pg_type.typname = $1::VARCHAR AND pg_catalog.pg_type_is_visible(pg_catalog.pg_type.oid) AND pg_catalog.pg_namespace.nspname != $2::VARCHAR
2025-10-03 16:20:15 - sqlalchemy.engine.Engine - INFO - [generated in 0.00010s] ('userrole', 'pg_catalog')
2025-10-03 16:20:15 - sqlalchemy.engine.Engine - INFO - SELECT pg_catalog.pg_type.typname 
FROM pg_catalog.pg_type JOIN pg_catalog.pg_namespace ON pg_catalog.pg_namespace.oid = pg_catalog.pg_type.typnamespace 
WHERE pg_catalog.pg_type.typname = $1::VARCHAR AND pg_catalog.pg_type_is_visible(pg_catalog.pg_type.oid) AND pg_catalog.pg_namespace.nspname != $2::VARCHAR
2025-10-03 16:20:15 - sqlalchemy.engine.Engine - INFO - [cached since 0.002647s ago] ('ticketstatus', 'pg_catalog')
2025-10-03 16:20:15 - sqlalchemy.engine.Engine - INFO - COMMIT
2025-10-03 16:20:15 - app - INFO - App running...
2025-10-03 16:33:32 - sqlalchemy.engine.Engine - INFO - BEGIN (implicit)
2025-10-03 16:33:32 - sqlalchemy.engine.Engine - INFO - SELECT users.id, users.created_at, users.updated_at, users.is_deleted, users.name, users.email, users.wallet_address, users.role 
FROM users 
WHERE users.wallet_address = $1::VARCHAR
2025-10-03 16:33:32 - sqlalchemy.engine.Engine - INFO - [generated in 0.00025s] ('0.0.123456',)
2025-10-03 16:33:32 - sqlalchemy.engine.Engine - INFO - ROLLBACK
2025-10-03 16:34:13 - app.services.hedera_wallet - ERROR - Failed to create Hedera account: JVM exception occurred: java.util.concurrent.TimeoutException
java.util.concurrent.TimeoutException
	com.hedera.hashgraph.sdk.Executable.execute(Executable.java:417)
	com.hedera.hashgraph.sdk.Transaction.execute(Transaction.java:36)
	com.hedera.hashgraph.sdk.Executable.execute(Executable.java:353)
	com.hedera.hashgraph.sdk.Transaction.execute(Transaction.java:36)
2025-10-03 16:34:37 - app.services.hedera_wallet - INFO - Created new Hedera account: 0.0.6943711
2025-10-03 16:34:37 - sqlalchemy.engine.Engine - INFO - BEGIN (implicit)
2025-10-03 16:34:37 - sqlalchemy.engine.Engine - INFO - INSERT INTO users (id, created_at, updated_at, is_deleted, name, email, wallet_address, role) VALUES ($1::VARCHAR, $2::TIMESTAMP WITHOUT TIME ZONE, $3::TIMESTAMP WITHOUT TIME ZONE, $4::BOOLEAN, $5::VARCHAR, $6::VARCHAR, $7::VARCHAR, $8::userrole)
2025-10-03 16:34:37 - sqlalchemy.engine.Engine - INFO - [generated in 0.00033s] ('a1a582f2-8bc2-4d3d-b7d2-6ef2e57085d1', datetime.datetime(2025, 10, 3, 15, 34, 37, 187907), None, False, 'LimLim', 'rtrgmr0@gmail.com', '0.0.6943711', 'ATTENDEE')
2025-10-03 16:34:37 - sqlalchemy.engine.Engine - INFO - COMMIT
2025-10-03 16:34:37 - sqlalchemy.engine.Engine - INFO - BEGIN (implicit)
2025-10-03 16:34:37 - sqlalchemy.engine.Engine - INFO - SELECT users.id, users.created_at, users.updated_at, users.is_deleted, users.name, users.email, users.wallet_address, users.role 
FROM users 
WHERE users.id = $1::VARCHAR
2025-10-03 16:34:37 - sqlalchemy.engine.Engine - INFO - [generated in 0.00010s] ('a1a582f2-8bc2-4d3d-b7d2-6ef2e57085d1',)
2025-10-03 16:34:37 - sqlalchemy.engine.Engine - INFO - ROLLBACK
2025-10-03 16:35:55 - sqlalchemy.engine.Engine - INFO - BEGIN (implicit)
2025-10-03 16:35:55 - sqlalchemy.engine.Engine - INFO - SELECT users.id, users.created_at, users.updated_at, users.is_deleted, users.name, users.email, users.wallet_address, users.role 
FROM users 
WHERE users.wallet_address = $1::VARCHAR
2025-10-03 16:35:55 - sqlalchemy.engine.Engine - INFO - [cached since 143s ago] ('0.0.6943711',)
2025-10-03 16:35:55 - sqlalchemy.engine.Engine - INFO - ROLLBACK
2025-10-03 16:36:02 - sqlalchemy.engine.Engine - INFO - BEGIN (implicit)
2025-10-03 16:36:02 - sqlalchemy.engine.Engine - INFO - SELECT users.id, users.created_at, users.updated_at, users.is_deleted, users.name, users.email, users.wallet_address, users.role 
FROM users 
WHERE users.wallet_address = $1::VARCHAR
2025-10-03 16:36:02 - sqlalchemy.engine.Engine - INFO - [cached since 149.8s ago] ('0.0.6943711',)
2025-10-03 16:36:02 - sqlalchemy.engine.Engine - INFO - ROLLBACK
2025-10-03 16:36:12 - app.services.hedera_wallet - INFO - Retrieved balance for 0.0.6943711: 10.0 HBAR
2025-10-03 16:36:24 - sqlalchemy.engine.Engine - INFO - BEGIN (implicit)
2025-10-03 16:36:24 - sqlalchemy.engine.Engine - INFO - SELECT events.id, events.created_at, events.updated_at, events.is_deleted, events.organizer_id, events.name, events.description, events.location, events.date, events.price, events.token_id, events.metadata_uri 
FROM events 
WHERE events.date > $1::TIMESTAMP WITH TIME ZONE
2025-10-03 16:36:24 - sqlalchemy.engine.Engine - INFO - [generated in 0.00023s] (datetime.datetime(2025, 10, 3, 15, 36, 24, 212675),)
2025-10-03 16:36:24 - sqlalchemy.engine.Engine - INFO - ROLLBACK
2025-10-03 16:39:46 - app - INFO - Shutting down application...
2025-10-03 16:39:48 - app - INFO - Application TicketIO v0.0.1 initialized
2025-10-03 16:39:48 - asyncio - DEBUG - Using selector: KqueueSelector
2025-10-03 16:39:48 - app - INFO - Starting application...
2025-10-03 16:39:48 - sqlalchemy.engine.Engine - INFO - select pg_catalog.version()
2025-10-03 16:39:48 - sqlalchemy.engine.Engine - INFO - [raw sql] ()
2025-10-03 16:39:48 - sqlalchemy.engine.Engine - INFO - select current_schema()
2025-10-03 16:39:48 - sqlalchemy.engine.Engine - INFO - [raw sql] ()
2025-10-03 16:39:48 - sqlalchemy.engine.Engine - INFO - show standard_conforming_strings
2025-10-03 16:39:48 - sqlalchemy.engine.Engine - INFO - [raw sql] ()
2025-10-03 16:39:48 - sqlalchemy.engine.Engine - INFO - BEGIN (implicit)
2025-10-03 16:39:48 - sqlalchemy.engine.Engine - INFO - SELECT pg_catalog.pg_class.relname 
FROM pg_catalog.pg_class JOIN pg_catalog.pg_namespace ON pg_catalog.pg_namespace.oid = pg_catalog.pg_class.relnamespace 
WHERE pg_catalog.pg_class.relname = $1::VARCHAR AND pg_catalog.pg_class.relkind = ANY (ARRAY[$2::VARCHAR, $3::VARCHAR, $4::VARCHAR, $5::VARCHAR, $6::VARCHAR]) AND pg_catalog.pg_table_is_visible(pg_catalog.pg_class.oid) AND pg_catalog.pg_namespace.nspname != $7::VARCHAR
2025-10-03 16:39:48 - sqlalchemy.engine.Engine - INFO - [generated in 0.00049s] ('users', 'r', 'p', 'f', 'v', 'm', 'pg_catalog')
2025-10-03 16:39:48 - sqlalchemy.engine.Engine - INFO - SELECT pg_catalog.pg_class.relname 
FROM pg_catalog.pg_class JOIN pg_catalog.pg_namespace ON pg_catalog.pg_namespace.oid = pg_catalog.pg_class.relnamespace 
WHERE pg_catalog.pg_class.relname = $1::VARCHAR AND pg_catalog.pg_class.relkind = ANY (ARRAY[$2::VARCHAR, $3::VARCHAR, $4::VARCHAR, $5::VARCHAR, $6::VARCHAR]) AND pg_catalog.pg_table_is_visible(pg_catalog.pg_class.oid) AND pg_catalog.pg_namespace.nspname != $7::VARCHAR
2025-10-03 16:39:48 - sqlalchemy.engine.Engine - INFO - [cached since 0.006686s ago] ('events', 'r', 'p', 'f', 'v', 'm', 'pg_catalog')
2025-10-03 16:39:48 - sqlalchemy.engine.Engine - INFO - SELECT pg_catalog.pg_class.relname 
FROM pg_catalog.pg_class JOIN pg_catalog.pg_namespace ON pg_catalog.pg_namespace.oid = pg_catalog.pg_class.relnamespace 
WHERE pg_catalog.pg_class.relname = $1::VARCHAR AND pg_catalog.pg_class.relkind = ANY (ARRAY[$2::VARCHAR, $3::VARCHAR, $4::VARCHAR, $5::VARCHAR, $6::VARCHAR]) AND pg_catalog.pg_table_is_visible(pg_catalog.pg_class.oid) AND pg_catalog.pg_namespace.nspname != $7::VARCHAR
2025-10-03 16:39:48 - sqlalchemy.engine.Engine - INFO - [cached since 0.007968s ago] ('tickets', 'r', 'p', 'f', 'v', 'm', 'pg_catalog')
2025-10-03 16:39:48 - sqlalchemy.engine.Engine - INFO - SELECT pg_catalog.pg_type.typname 
FROM pg_catalog.pg_type JOIN pg_catalog.pg_namespace ON pg_catalog.pg_namespace.oid = pg_catalog.pg_type.typnamespace 
WHERE pg_catalog.pg_type.typname = $1::VARCHAR AND pg_catalog.pg_type_is_visible(pg_catalog.pg_type.oid) AND pg_catalog.pg_namespace.nspname != $2::VARCHAR
2025-10-03 16:39:48 - sqlalchemy.engine.Engine - INFO - [generated in 0.00016s] ('userrole', 'pg_catalog')
2025-10-03 16:39:48 - sqlalchemy.engine.Engine - INFO - SELECT pg_catalog.pg_type.typname 
FROM pg_catalog.pg_type JOIN pg_catalog.pg_namespace ON pg_catalog.pg_namespace.oid = pg_catalog.pg_type.typnamespace 
WHERE pg_catalog.pg_type.typname = $1::VARCHAR AND pg_catalog.pg_type_is_visible(pg_catalog.pg_type.oid) AND pg_catalog.pg_namespace.nspname != $2::VARCHAR
2025-10-03 16:39:48 - sqlalchemy.engine.Engine - INFO - [cached since 0.00252s ago] ('ticketstatus', 'pg_catalog')
2025-10-03 16:39:48 - sqlalchemy.engine.Engine - INFO - COMMIT
2025-10-03 16:39:48 - app - INFO - App running...
2025-10-03 16:40:38 - app - INFO - Shutting down application...
2025-10-03 16:40:40 - app - INFO - Application TicketIO v0.0.1 initialized
2025-10-03 16:40:40 - asyncio - DEBUG - Using selector: KqueueSelector
2025-10-03 16:40:40 - app - INFO - Starting application...
2025-10-03 16:40:40 - sqlalchemy.engine.Engine - INFO - select pg_catalog.version()
2025-10-03 16:40:40 - sqlalchemy.engine.Engine - INFO - [raw sql] ()
2025-10-03 16:40:40 - sqlalchemy.engine.Engine - INFO - select current_schema()
2025-10-03 16:40:40 - sqlalchemy.engine.Engine - INFO - [raw sql] ()
2025-10-03 16:40:40 - sqlalchemy.engine.Engine - INFO - show standard_conforming_strings
2025-10-03 16:40:40 - sqlalchemy.engine.Engine - INFO - [raw sql] ()
2025-10-03 16:40:40 - sqlalchemy.engine.Engine - INFO - BEGIN (implicit)
2025-10-03 16:40:40 - sqlalchemy.engine.Engine - INFO - SELECT pg_catalog.pg_class.relname 
FROM pg_catalog.pg_class JOIN pg_catalog.pg_namespace ON pg_catalog.pg_namespace.oid = pg_catalog.pg_class.relnamespace 
WHERE pg_catalog.pg_class.relname = $1::VARCHAR AND pg_catalog.pg_class.relkind = ANY (ARRAY[$2::VARCHAR, $3::VARCHAR, $4::VARCHAR, $5::VARCHAR, $6::VARCHAR]) AND pg_catalog.pg_table_is_visible(pg_catalog.pg_class.oid) AND pg_catalog.pg_namespace.nspname != $7::VARCHAR
2025-10-03 16:40:40 - sqlalchemy.engine.Engine - INFO - [generated in 0.00019s] ('users', 'r', 'p', 'f', 'v', 'm', 'pg_catalog')
2025-10-03 16:40:40 - sqlalchemy.engine.Engine - INFO - SELECT pg_catalog.pg_class.relname 
FROM pg_catalog.pg_class JOIN pg_catalog.pg_namespace ON pg_catalog.pg_namespace.oid = pg_catalog.pg_class.relnamespace 
WHERE pg_catalog.pg_class.relname = $1::VARCHAR AND pg_catalog.pg_class.relkind = ANY (ARRAY[$2::VARCHAR, $3::VARCHAR, $4::VARCHAR, $5::VARCHAR, $6::VARCHAR]) AND pg_catalog.pg_table_is_visible(pg_catalog.pg_class.oid) AND pg_catalog.pg_namespace.nspname != $7::VARCHAR
2025-10-03 16:40:40 - sqlalchemy.engine.Engine - INFO - [cached since 0.003802s ago] ('events', 'r', 'p', 'f', 'v', 'm', 'pg_catalog')
2025-10-03 16:40:40 - sqlalchemy.engine.Engine - INFO - SELECT pg_catalog.pg_class.relname 
FROM pg_catalog.pg_class JOIN pg_catalog.pg_namespace ON pg_catalog.pg_namespace.oid = pg_catalog.pg_class.relnamespace 
WHERE pg_catalog.pg_class.relname = $1::VARCHAR AND pg_catalog.pg_class.relkind = ANY (ARRAY[$2::VARCHAR, $3::VARCHAR, $4::VARCHAR, $5::VARCHAR, $6::VARCHAR]) AND pg_catalog.pg_table_is_visible(pg_catalog.pg_class.oid) AND pg_catalog.pg_namespace.nspname != $7::VARCHAR
2025-10-03 16:40:40 - sqlalchemy.engine.Engine - INFO - [cached since 0.004506s ago] ('tickets', 'r', 'p', 'f', 'v', 'm', 'pg_catalog')
2025-10-03 16:40:40 - sqlalchemy.engine.Engine - INFO - SELECT pg_catalog.pg_type.typname 
FROM pg_catalog.pg_type JOIN pg_catalog.pg_namespace ON pg_catalog.pg_namespace.oid = pg_catalog.pg_type.typnamespace 
WHERE pg_catalog.pg_type.typname = $1::VARCHAR AND pg_catalog.pg_type_is_visible(pg_catalog.pg_type.oid) AND pg_catalog.pg_namespace.nspname != $2::VARCHAR
2025-10-03 16:40:40 - sqlalchemy.engine.Engine - INFO - [generated in 0.00009s] ('userrole', 'pg_catalog')
2025-10-03 16:40:40 - sqlalchemy.engine.Engine - INFO - SELECT pg_catalog.pg_type.typname 
FROM pg_catalog.pg_type JOIN pg_catalog.pg_namespace ON pg_catalog.pg_namespace.oid = pg_catalog.pg_type.typnamespace 
WHERE pg_catalog.pg_type.typname = $1::VARCHAR AND pg_catalog.pg_type_is_visible(pg_catalog.pg_type.oid) AND pg_catalog.pg_namespace.nspname != $2::VARCHAR
2025-10-03 16:40:40 - sqlalchemy.engine.Engine - INFO - [cached since 0.001512s ago] ('ticketstatus', 'pg_catalog')
2025-10-03 16:40:40 - sqlalchemy.engine.Engine - INFO - COMMIT
2025-10-03 16:40:40 - app - INFO - App running...
2025-10-03 16:41:01 - app.services.hedera_wallet - INFO - Created new Hedera account: 0.0.6943779
2025-10-03 16:41:01 - sqlalchemy.engine.Engine - INFO - BEGIN (implicit)
2025-10-03 16:41:01 - sqlalchemy.engine.Engine - INFO - INSERT INTO users (id, created_at, updated_at, is_deleted, name, email, wallet_address, role) VALUES ($1::VARCHAR, $2::TIMESTAMP WITHOUT TIME ZONE, $3::TIMESTAMP WITHOUT TIME ZONE, $4::BOOLEAN, $5::VARCHAR, $6::VARCHAR, $7::VARCHAR, $8::userrole)
2025-10-03 16:41:01 - sqlalchemy.engine.Engine - INFO - [generated in 0.00025s] ('f6461579-ec41-4298-a71d-aa149a5ca783', datetime.datetime(2025, 10, 3, 15, 41, 1, 205582), None, False, 'LimLimLim', 'rtrgmr1@gmail.com', '0.0.6943779', 'ORGANIZER')
2025-10-03 16:41:01 - sqlalchemy.engine.Engine - INFO - COMMIT
2025-10-03 16:41:01 - sqlalchemy.engine.Engine - INFO - BEGIN (implicit)
2025-10-03 16:41:01 - sqlalchemy.engine.Engine - INFO - SELECT users.id, users.created_at, users.updated_at, users.is_deleted, users.name, users.email, users.wallet_address, users.role 
FROM users 
WHERE users.id = $1::VARCHAR
2025-10-03 16:41:01 - sqlalchemy.engine.Engine - INFO - [generated in 0.00017s] ('f6461579-ec41-4298-a71d-aa149a5ca783',)
2025-10-03 16:41:01 - sqlalchemy.engine.Engine - INFO - ROLLBACK
2025-10-03 16:41:19 - sqlalchemy.engine.Engine - INFO - BEGIN (implicit)
2025-10-03 16:41:19 - sqlalchemy.engine.Engine - INFO - SELECT users.id, users.created_at, users.updated_at, users.is_deleted, users.name, users.email, users.wallet_address, users.role 
FROM users 
WHERE users.wallet_address = $1::VARCHAR
2025-10-03 16:41:19 - sqlalchemy.engine.Engine - INFO - [generated in 0.00020s] ('0.0.6943779',)
2025-10-03 16:41:19 - sqlalchemy.engine.Engine - INFO - ROLLBACK
